-- =====================================================================
-- SmartTds MASTER seed/reference data  (PostgreSQL)
-- Auto-converted from MasterDbTdsScript.utf8.sql by convert_seed.ps1
-- Run AFTER 02_master_schema.sql, against the masterdbtds database.
-- bit 0/1 -> false/true done in-converter; ids inserted explicitly,
-- identity sequences reset at the end.
-- =====================================================================
BEGIN;
-- 'auth' = legacy desktop (Pump.cs) licence blob — dead in API mode (licence is validated
-- server-side now). Seed it EMPTY so installs don't ship the developer's licence binding.
INSERT INTO applicationparams (id, name, value) VALUES (1, 'auth', '');
INSERT INTO applicationparams (id, name, value) VALUES (2, 'ver', '1.000');
-- backupLoc / lastBackup are populated at runtime by the backup job (the dev's path/date
-- must not ship). Seed them EMPTY.
INSERT INTO applicationparams (id, name, value) VALUES (3, 'backupLoc', '');
INSERT INTO applicationparams (id, name, value) VALUES (4, 'lastBackup', '');
INSERT INTO aymaster (id, ayid, name, startdt, enddt, nonbusinc, businc, auditcase, compcase, case94e, advinst1, advinst2, advinst3, advinst4, updnonbusinc, updbusinc, updauditcase, updcompcase, updcase94e) VALUES (5, 25, '2025-2026', '01/04/2025', '31/03/2026', '15/09/2026', '15/09/2026', '31/10/2026', '31/10/2026', '30/11/2026', '15/06/2025', '15/09/2025', '15/12/2025', '15/03/2026', '31/03/2031', '31/03/2031', '31/03/2031', '31/03/2031', '31/03/2031');
INSERT INTO aymaster (id, ayid, name, startdt, enddt, nonbusinc, businc, auditcase, compcase, case94e, advinst1, advinst2, advinst3, advinst4, updnonbusinc, updbusinc, updauditcase, updcompcase, updcase94e) VALUES (7, 26, '2026-2027', '01/04/2026', '31/03/2027', '15/09/2027', '15/09/2027', '31/10/2027', '31/10/2027', '30/11/2027', '15/06/2026', '15/09/2026', '15/12/2026', '15/03/2027', '31/03/2032', '31/03/2032', '31/03/2032', '31/03/2032', '31/03/2032');
INSERT INTO check_period (id, quarter, month, ayid) VALUES (1, 1, 4, 0);
INSERT INTO check_period (id, quarter, month, ayid) VALUES (2, 1, 5, 0);
INSERT INTO check_period (id, quarter, month, ayid) VALUES (3, 1, 6, 0);
INSERT INTO check_period (id, quarter, month, ayid) VALUES (4, 2, 7, 0);
INSERT INTO check_period (id, quarter, month, ayid) VALUES (5, 2, 8, 0);
INSERT INTO check_period (id, quarter, month, ayid) VALUES (6, 2, 9, 0);
INSERT INTO check_period (id, quarter, month, ayid) VALUES (7, 3, 10, 0);
INSERT INTO check_period (id, quarter, month, ayid) VALUES (8, 3, 11, 0);
INSERT INTO check_period (id, quarter, month, ayid) VALUES (9, 3, 12, 0);
INSERT INTO check_period (id, quarter, month, ayid) VALUES (10, 4, 1, 0);
INSERT INTO check_period (id, quarter, month, ayid) VALUES (11, 4, 2, 0);
INSERT INTO check_period (id, quarter, month, ayid) VALUES (12, 4, 3, 0);
INSERT INTO country (id, code, name) VALUES (1, 91, 'INDIA');
INSERT INTO country (id, code, name) VALUES (2, 9999, 'OTHERS');
INSERT INTO country (id, code, name) VALUES (3, 93, 'AFGHANISTAN');
INSERT INTO country (id, code, name) VALUES (4, 355, 'ALBANIA');
INSERT INTO country (id, code, name) VALUES (5, 213, 'ALGERIA');
INSERT INTO country (id, code, name) VALUES (6, 376, 'ANDORRA');
INSERT INTO country (id, code, name) VALUES (7, 244, 'ANGOLA');
INSERT INTO country (id, code, name) VALUES (8, 1268, 'ANTIGUA AND BARBUDA');
INSERT INTO country (id, code, name) VALUES (9, 54, 'ARGENTINA');
INSERT INTO country (id, code, name) VALUES (10, 374, 'ARMENIA');
INSERT INTO country (id, code, name) VALUES (11, 61, 'AUSTRALIA');
INSERT INTO country (id, code, name) VALUES (12, 43, 'AUSTRIA');
INSERT INTO country (id, code, name) VALUES (13, 994, 'AZERBAIJAN');
INSERT INTO country (id, code, name) VALUES (14, 1242, 'BAHAMAS');
INSERT INTO country (id, code, name) VALUES (15, 973, 'BAHRAIN');
INSERT INTO country (id, code, name) VALUES (16, 880, 'BANGLADESH');
INSERT INTO country (id, code, name) VALUES (17, 1246, 'BARBADOS');
INSERT INTO country (id, code, name) VALUES (18, 375, 'BELARUS');
INSERT INTO country (id, code, name) VALUES (19, 32, 'BELGIUM');
INSERT INTO country (id, code, name) VALUES (20, 501, 'BELIZE');
INSERT INTO country (id, code, name) VALUES (21, 229, 'BENIN');
INSERT INTO country (id, code, name) VALUES (22, 975, 'BHUTAN');
INSERT INTO country (id, code, name) VALUES (23, 591, 'BOLIVIA');
INSERT INTO country (id, code, name) VALUES (24, 387, 'BOSNIA AND HERZEGOVINA');
INSERT INTO country (id, code, name) VALUES (25, 267, 'BOTSWANA');
INSERT INTO country (id, code, name) VALUES (26, 55, 'BRAZIL');
INSERT INTO country (id, code, name) VALUES (27, 673, 'BRUNEI DARUSSALAM');
INSERT INTO country (id, code, name) VALUES (28, 359, 'BULGARIA');
INSERT INTO country (id, code, name) VALUES (29, 226, 'BURKINA FASO');
INSERT INTO country (id, code, name) VALUES (30, 257, 'BURUNDI');
INSERT INTO country (id, code, name) VALUES (31, 855, 'CAMBODIA');
INSERT INTO country (id, code, name) VALUES (32, 237, 'CAMEROON');
INSERT INTO country (id, code, name) VALUES (33, 1, 'CANADA');
INSERT INTO country (id, code, name) VALUES (34, 238, 'CAPE VERDE');
INSERT INTO country (id, code, name) VALUES (35, 236, 'CENTRAL AFRICAN REPUBLIC');
INSERT INTO country (id, code, name) VALUES (36, 235, 'CHAD');
INSERT INTO country (id, code, name) VALUES (37, 56, 'CHILE');
INSERT INTO country (id, code, name) VALUES (38, 86, 'CHINA');
INSERT INTO country (id, code, name) VALUES (39, 57, 'COLOMBIA');
INSERT INTO country (id, code, name) VALUES (40, 270, 'COMOROS');
INSERT INTO country (id, code, name) VALUES (41, 242, 'CONGO REPUBLIC OF THE');
INSERT INTO country (id, code, name) VALUES (42, 506, 'COSTA RICA');
INSERT INTO country (id, code, name) VALUES (43, 225, 'COTE DIVOIRE (IVORY COAST)');
INSERT INTO country (id, code, name) VALUES (44, 385, 'CROATIA');
INSERT INTO country (id, code, name) VALUES (45, 53, 'CUBA');
INSERT INTO country (id, code, name) VALUES (46, 357, 'CYPRUS');
INSERT INTO country (id, code, name) VALUES (47, 420, 'CZECH REPUBLIC');
INSERT INTO country (id, code, name) VALUES (48, 850, 'DEMOCRATIC PEOPLES REPUBLIC OF KOREA (NORTH KOR');
INSERT INTO country (id, code, name) VALUES (49, 243, 'DEMOCRATIC REPUBLIC OF THE CONGO');
INSERT INTO country (id, code, name) VALUES (50, 45, 'DENMARK');
INSERT INTO country (id, code, name) VALUES (51, 253, 'DJIBOUTI');
INSERT INTO country (id, code, name) VALUES (52, 1767, 'DOMINICA');
INSERT INTO country (id, code, name) VALUES (53, 1809, 'DOMINICAN REPUBLIC');
INSERT INTO country (id, code, name) VALUES (54, 593, 'ECUADOR');
INSERT INTO country (id, code, name) VALUES (55, 20, 'EGYPT');
INSERT INTO country (id, code, name) VALUES (56, 503, 'EL SALVADOR');
INSERT INTO country (id, code, name) VALUES (57, 240, 'EQUATORIAL GUINEA');
INSERT INTO country (id, code, name) VALUES (58, 291, 'ERITREA');
INSERT INTO country (id, code, name) VALUES (59, 372, 'ESTONIA');
INSERT INTO country (id, code, name) VALUES (60, 251, 'ETHIOPIA');
INSERT INTO country (id, code, name) VALUES (61, 679, 'FIJI ISLANDS');
INSERT INTO country (id, code, name) VALUES (62, 358, 'FINLAND');
INSERT INTO country (id, code, name) VALUES (63, 33, 'FRANCE');
INSERT INTO country (id, code, name) VALUES (64, 241, 'GABON');
INSERT INTO country (id, code, name) VALUES (65, 220, 'GAMBIA');
INSERT INTO country (id, code, name) VALUES (66, 995, 'GEORGIA');
INSERT INTO country (id, code, name) VALUES (67, 49, 'GERMANY');
INSERT INTO country (id, code, name) VALUES (68, 233, 'GHANA');
INSERT INTO country (id, code, name) VALUES (69, 30, 'GREECE');
INSERT INTO country (id, code, name) VALUES (70, 1473, 'GRENADA');
INSERT INTO country (id, code, name) VALUES (71, 502, 'GUATEMALA');
INSERT INTO country (id, code, name) VALUES (72, 224, 'GUINEA');
INSERT INTO country (id, code, name) VALUES (73, 245, 'GUINEA');
INSERT INTO country (id, code, name) VALUES (74, 592, 'GUYANA');
INSERT INTO country (id, code, name) VALUES (75, 509, 'HAITI');
INSERT INTO country (id, code, name) VALUES (76, 852, 'HONG KONG');
INSERT INTO country (id, code, name) VALUES (77, 36, 'HUNGARY');
INSERT INTO country (id, code, name) VALUES (78, 354, 'ICELAND');
INSERT INTO country (id, code, name) VALUES (79, 91, 'INDIA');
INSERT INTO country (id, code, name) VALUES (80, 62, 'INDONESIA');
INSERT INTO country (id, code, name) VALUES (81, 98, 'IRAN');
INSERT INTO country (id, code, name) VALUES (82, 964, 'IRAQ');
INSERT INTO country (id, code, name) VALUES (83, 353, 'IRELAND');
INSERT INTO country (id, code, name) VALUES (84, 972, 'ISRAEL');
INSERT INTO country (id, code, name) VALUES (85, 5, 'ITALY');
INSERT INTO country (id, code, name) VALUES (86, 1876, 'JAMAICA');
INSERT INTO country (id, code, name) VALUES (87, 81, 'JAPAN');
INSERT INTO country (id, code, name) VALUES (88, 962, 'JORDAN');
INSERT INTO country (id, code, name) VALUES (89, 7, 'KAZAKHSTAN');
INSERT INTO country (id, code, name) VALUES (90, 254, 'KENYA');
INSERT INTO country (id, code, name) VALUES (91, 686, 'KIRIBATI');
INSERT INTO country (id, code, name) VALUES (92, 965, 'KUWAIT');
INSERT INTO country (id, code, name) VALUES (93, 996, 'KYRGYZSTAN');
INSERT INTO country (id, code, name) VALUES (94, 856, 'LAO PEOPLES DEMOCRATIC REPUBLIC');
INSERT INTO country (id, code, name) VALUES (95, 371, 'LATVIA');
INSERT INTO country (id, code, name) VALUES (96, 961, 'LEBANON');
INSERT INTO country (id, code, name) VALUES (97, 266, 'LESOTHO');
INSERT INTO country (id, code, name) VALUES (98, 231, 'LIBERIA');
INSERT INTO country (id, code, name) VALUES (99, 218, 'LIBYA');
INSERT INTO country (id, code, name) VALUES (100, 423, 'LIECHTENSTEIN');
INSERT INTO country (id, code, name) VALUES (101, 370, 'LITHUANIA');
INSERT INTO country (id, code, name) VALUES (102, 352, 'LUXEMBOURG');
INSERT INTO country (id, code, name) VALUES (103, 389, 'MACEDONIA');
INSERT INTO country (id, code, name) VALUES (104, 261, 'MADAGASCAR');
INSERT INTO country (id, code, name) VALUES (105, 265, 'MALAWI');
INSERT INTO country (id, code, name) VALUES (106, 60, 'MALAYSIA');
INSERT INTO country (id, code, name) VALUES (107, 960, 'MALDIVES');
INSERT INTO country (id, code, name) VALUES (108, 223, 'MALI');
INSERT INTO country (id, code, name) VALUES (109, 356, 'MALTA');
INSERT INTO country (id, code, name) VALUES (110, 692, 'MARSHALL ISLANDS');
INSERT INTO country (id, code, name) VALUES (111, 222, 'MAURITANIA');
INSERT INTO country (id, code, name) VALUES (112, 230, 'MAURITIUS');
INSERT INTO country (id, code, name) VALUES (113, 52, 'MEXICO');
INSERT INTO country (id, code, name) VALUES (114, 691, 'MICRONESIA FEDERATED STATES OF');
INSERT INTO country (id, code, name) VALUES (115, 377, 'MONACO');
INSERT INTO country (id, code, name) VALUES (116, 976, 'MONGOLIA');
INSERT INTO country (id, code, name) VALUES (117, 382, 'MONTENEGRO');
INSERT INTO country (id, code, name) VALUES (118, 212, 'MOROCCO');
INSERT INTO country (id, code, name) VALUES (119, 258, 'MOZAMBIQUE');
INSERT INTO country (id, code, name) VALUES (120, 95, 'MYANMAR');
INSERT INTO country (id, code, name) VALUES (121, 264, 'NAMIBIA');
INSERT INTO country (id, code, name) VALUES (122, 674, 'NAURU');
INSERT INTO country (id, code, name) VALUES (123, 977, 'NEPAL');
INSERT INTO country (id, code, name) VALUES (124, 31, 'NETHERLANDS');
INSERT INTO country (id, code, name) VALUES (125, 64, 'NEW ZEALAND');
INSERT INTO country (id, code, name) VALUES (126, 505, 'NICARAGUA');
INSERT INTO country (id, code, name) VALUES (127, 227, 'NIGER');
INSERT INTO country (id, code, name) VALUES (128, 234, 'NIGERIA');
INSERT INTO country (id, code, name) VALUES (129, 47, 'NORWAY');
INSERT INTO country (id, code, name) VALUES (130, 968, 'OMAN');
INSERT INTO country (id, code, name) VALUES (131, 92, 'PAKISTAN');
INSERT INTO country (id, code, name) VALUES (132, 680, 'PALAU');
INSERT INTO country (id, code, name) VALUES (133, 507, 'PANAMA');
INSERT INTO country (id, code, name) VALUES (134, 675, 'PAPUA NEW GUINEA');
INSERT INTO country (id, code, name) VALUES (135, 595, 'PARAGUAY');
INSERT INTO country (id, code, name) VALUES (136, 51, 'PERU');
INSERT INTO country (id, code, name) VALUES (137, 63, 'PHILIPPINES');
INSERT INTO country (id, code, name) VALUES (138, 48, 'POLAND');
INSERT INTO country (id, code, name) VALUES (139, 14, 'PORTUGAL');
INSERT INTO country (id, code, name) VALUES (140, 974, 'QATAR');
INSERT INTO country (id, code, name) VALUES (141, 82, 'REPUBLIC OF KOREA (SOUTH KOREA)');
INSERT INTO country (id, code, name) VALUES (142, 373, 'REPUBLIC OF MOLDOVA');
INSERT INTO country (id, code, name) VALUES (143, 40, 'ROMANIA');
INSERT INTO country (id, code, name) VALUES (144, 8, 'RUSSIAN FEDERATION');
INSERT INTO country (id, code, name) VALUES (145, 250, 'RWANDA');
INSERT INTO country (id, code, name) VALUES (146, 1869, 'SAINT KITTS AND NEVIS');
INSERT INTO country (id, code, name) VALUES (147, 1758, 'SAINT LUCIA');
INSERT INTO country (id, code, name) VALUES (148, 1784, 'SAINT VINCENT AND THE GRENADINES');
INSERT INTO country (id, code, name) VALUES (149, 685, 'SAMOA');
INSERT INTO country (id, code, name) VALUES (150, 378, 'SAN MARINO');
INSERT INTO country (id, code, name) VALUES (151, 239, 'SAO TOME AND PRINCIPE');
INSERT INTO country (id, code, name) VALUES (152, 966, 'SAUDI ARABIA');
INSERT INTO country (id, code, name) VALUES (153, 221, 'SENEGAL');
INSERT INTO country (id, code, name) VALUES (154, 381, 'SERBIA');
INSERT INTO country (id, code, name) VALUES (155, 248, 'SEYCHELLES');
INSERT INTO country (id, code, name) VALUES (156, 232, 'SIERRA LEONE');
INSERT INTO country (id, code, name) VALUES (157, 65, 'SINGAPORE');
INSERT INTO country (id, code, name) VALUES (158, 421, 'SLOVAKIA');
INSERT INTO country (id, code, name) VALUES (159, 386, 'SLOVENIA');
INSERT INTO country (id, code, name) VALUES (160, 677, 'SOLOMON ISLANDS');
INSERT INTO country (id, code, name) VALUES (161, 252, 'SOMALIA');
INSERT INTO country (id, code, name) VALUES (162, 28, 'SOUTH AFRICA');
INSERT INTO country (id, code, name) VALUES (163, 211, 'SOUTH SUDAN');
INSERT INTO country (id, code, name) VALUES (164, 35, 'SPAIN');
INSERT INTO country (id, code, name) VALUES (165, 94, 'SRI LANKA');
INSERT INTO country (id, code, name) VALUES (166, 249, 'SUDAN');
INSERT INTO country (id, code, name) VALUES (167, 597, 'SURINAME');
INSERT INTO country (id, code, name) VALUES (168, 268, 'SWAZILAND');
INSERT INTO country (id, code, name) VALUES (169, 46, 'SWEDEN');
INSERT INTO country (id, code, name) VALUES (170, 41, 'SWITZERLAND');
INSERT INTO country (id, code, name) VALUES (171, 963, 'SYRIAN ARAB REPUBLIC');
INSERT INTO country (id, code, name) VALUES (172, 992, 'TAJIKISTAN');
INSERT INTO country (id, code, name) VALUES (173, 66, 'THAILAND');
INSERT INTO country (id, code, name) VALUES (174, 670, 'TIMOR');
INSERT INTO country (id, code, name) VALUES (175, 228, 'TOGO');
INSERT INTO country (id, code, name) VALUES (176, 676, 'TONGA');
INSERT INTO country (id, code, name) VALUES (177, 1868, 'TRINIDAD AND TOBAGO');
INSERT INTO country (id, code, name) VALUES (178, 216, 'TUNISIA');
INSERT INTO country (id, code, name) VALUES (179, 90, 'TURKEY');
INSERT INTO country (id, code, name) VALUES (180, 993, 'TURKMENISTAN');
INSERT INTO country (id, code, name) VALUES (181, 688, 'TUVALU');
INSERT INTO country (id, code, name) VALUES (182, 256, 'UGANDA');
INSERT INTO country (id, code, name) VALUES (183, 380, 'UKRAINE');
INSERT INTO country (id, code, name) VALUES (184, 971, 'UNITED ARAB EMIRATES');
INSERT INTO country (id, code, name) VALUES (185, 44, 'UNITED KINGDOM OF GREAT BRITAIN AND NORTHERN IRE');
INSERT INTO country (id, code, name) VALUES (186, 255, 'UNITED REPUBLIC OF TANZANIA');
INSERT INTO country (id, code, name) VALUES (187, 2, 'UNITED STATES OF AMERICA');
INSERT INTO country (id, code, name) VALUES (188, 598, 'URUGUAY');
INSERT INTO country (id, code, name) VALUES (189, 998, 'UZBEKISTAN');
INSERT INTO country (id, code, name) VALUES (190, 678, 'VANUATU');
INSERT INTO country (id, code, name) VALUES (191, 58, 'VENEZUELA BOLIVARIAN');
INSERT INTO country (id, code, name) VALUES (192, 84, 'VIETNAM');
INSERT INTO country (id, code, name) VALUES (193, 967, 'YEMEN');
INSERT INTO country (id, code, name) VALUES (194, 260, 'ZAMBIA');
INSERT INTO country (id, code, name) VALUES (195, 263, 'ZIMBABWE');
INSERT INTO country (id, code, name) VALUES (196, 504, 'HONDURAS');
INSERT INTO district (id, code, statecode, name) VALUES (1, 1, 1, 'SOUTH ANDAMAN');
INSERT INTO district (id, code, statecode, name) VALUES (2, 2, 1, 'NORTH AND MIDDLE ANDAMAN');
INSERT INTO district (id, code, statecode, name) VALUES (3, 3, 1, 'NICOBAR');
INSERT INTO district (id, code, statecode, name) VALUES (4, 4, 2, 'ANANTHAPUR');
INSERT INTO district (id, code, statecode, name) VALUES (5, 5, 2, 'CUDDAPAH');
INSERT INTO district (id, code, statecode, name) VALUES (6, 6, 2, 'CHITTOOR');
INSERT INTO district (id, code, statecode, name) VALUES (7, 7, 2, 'KURNOOL');
INSERT INTO district (id, code, statecode, name) VALUES (8, 8, 2, 'KRISHNA');
INSERT INTO district (id, code, statecode, name) VALUES (9, 9, 2, 'WEST GODAVARI');
INSERT INTO district (id, code, statecode, name) VALUES (10, 10, 2, 'NELLORE');
INSERT INTO district (id, code, statecode, name) VALUES (11, 11, 2, 'GUNTUR');
INSERT INTO district (id, code, statecode, name) VALUES (12, 12, 2, 'PRAKASAM');
INSERT INTO district (id, code, statecode, name) VALUES (13, 13, 2, 'VISAKHAPATNAM');
INSERT INTO district (id, code, statecode, name) VALUES (14, 14, 2, 'SRIKAKULAM');
INSERT INTO district (id, code, statecode, name) VALUES (15, 15, 2, 'VIZIANAGARAM');
INSERT INTO district (id, code, statecode, name) VALUES (16, 16, 2, 'EAST GODAVARI');
INSERT INTO district (id, code, statecode, name) VALUES (17, 17, 3, 'WEST KAMENG');
INSERT INTO district (id, code, statecode, name) VALUES (18, 18, 3, 'TAWANG');
INSERT INTO district (id, code, statecode, name) VALUES (19, 19, 3, 'WEST SIANG');
INSERT INTO district (id, code, statecode, name) VALUES (20, 20, 3, 'CHANGLANG');
INSERT INTO district (id, code, statecode, name) VALUES (21, 21, 3, 'DIBANG VALLEY');
INSERT INTO district (id, code, statecode, name) VALUES (22, 22, 3, 'EAST KAMENG');
INSERT INTO district (id, code, statecode, name) VALUES (23, 23, 3, 'LOHIT');
INSERT INTO district (id, code, statecode, name) VALUES (24, 24, 3, 'KURUNG KUMEY');
INSERT INTO district (id, code, statecode, name) VALUES (25, 25, 3, 'LOWER SUBANSIRI');
INSERT INTO district (id, code, statecode, name) VALUES (26, 26, 3, 'UPPER SUBANSIRI');
INSERT INTO district (id, code, statecode, name) VALUES (27, 27, 3, 'UPPER SIANG');
INSERT INTO district (id, code, statecode, name) VALUES (28, 28, 3, 'EAST SIANG');
INSERT INTO district (id, code, statecode, name) VALUES (29, 29, 3, 'PAPUM PARE');
INSERT INTO district (id, code, statecode, name) VALUES (30, 30, 4, 'NALBARI');
INSERT INTO district (id, code, statecode, name) VALUES (31, 31, 4, 'BARPETA');
INSERT INTO district (id, code, statecode, name) VALUES (32, 32, 4, 'KAMRUP');
INSERT INTO district (id, code, statecode, name) VALUES (33, 33, 3, 'TIRAP');
INSERT INTO district (id, code, statecode, name) VALUES (34, 34, 4, 'NAGAON');
INSERT INTO district (id, code, statecode, name) VALUES (35, 35, 4, 'KARBI ANGLONG');
INSERT INTO district (id, code, statecode, name) VALUES (36, 36, 4, 'MARIGAON');
INSERT INTO district (id, code, statecode, name) VALUES (37, 37, 4, 'GOALPARA');
INSERT INTO district (id, code, statecode, name) VALUES (38, 38, 4, 'SONITPUR');
INSERT INTO district (id, code, statecode, name) VALUES (39, 39, 4, 'DARRANG');
INSERT INTO district (id, code, statecode, name) VALUES (40, 40, 4, 'KOKRAJHAR');
INSERT INTO district (id, code, statecode, name) VALUES (41, 41, 4, 'BONGAIGAON');
INSERT INTO district (id, code, statecode, name) VALUES (42, 42, 4, 'DHUBRI');
INSERT INTO district (id, code, statecode, name) VALUES (43, 43, 4, 'JORHAT');
INSERT INTO district (id, code, statecode, name) VALUES (44, 44, 4, 'GOLAGHAT');
INSERT INTO district (id, code, statecode, name) VALUES (45, 45, 4, 'SIBSAGAR');
INSERT INTO district (id, code, statecode, name) VALUES (46, 46, 4, 'DIBRUGARH');
INSERT INTO district (id, code, statecode, name) VALUES (47, 47, 4, 'LAKHIMPUR');
INSERT INTO district (id, code, statecode, name) VALUES (48, 48, 4, 'DHEMAJI');
INSERT INTO district (id, code, statecode, name) VALUES (49, 49, 4, 'HAILAKANDI');
INSERT INTO district (id, code, statecode, name) VALUES (50, 50, 4, 'CACHAR');
INSERT INTO district (id, code, statecode, name) VALUES (51, 51, 4, 'NORTH CACHAR HILLS');
INSERT INTO district (id, code, statecode, name) VALUES (52, 52, 4, 'TINSUKIA');
INSERT INTO district (id, code, statecode, name) VALUES (53, 53, 4, 'KARIMGANJ');
INSERT INTO district (id, code, statecode, name) VALUES (54, 54, 5, 'PATNA');
INSERT INTO district (id, code, statecode, name) VALUES (55, 55, 5, 'NALANDA');
INSERT INTO district (id, code, statecode, name) VALUES (56, 56, 5, 'BHOJPUR');
INSERT INTO district (id, code, statecode, name) VALUES (57, 57, 5, 'ROHTAS');
INSERT INTO district (id, code, statecode, name) VALUES (58, 58, 5, 'BUXAR');
INSERT INTO district (id, code, statecode, name) VALUES (59, 59, 5, 'KAIMUR (BHABUA)');
INSERT INTO district (id, code, statecode, name) VALUES (60, 60, 5, 'JAMUI');
INSERT INTO district (id, code, statecode, name) VALUES (61, 61, 5, 'LAKHISARAI');
INSERT INTO district (id, code, statecode, name) VALUES (62, 62, 5, 'ARWAL');
INSERT INTO district (id, code, statecode, name) VALUES (63, 63, 5, 'JEHANABAD');
INSERT INTO district (id, code, statecode, name) VALUES (64, 64, 5, 'GAYA');
INSERT INTO district (id, code, statecode, name) VALUES (65, 65, 5, 'NAWADA');
INSERT INTO district (id, code, statecode, name) VALUES (66, 66, 5, 'MUNGER');
INSERT INTO district (id, code, statecode, name) VALUES (67, 67, 5, 'SHEIKHPURA');
INSERT INTO district (id, code, statecode, name) VALUES (68, 68, 5, 'BANKA');
INSERT INTO district (id, code, statecode, name) VALUES (69, 69, 5, 'BEGUSARAI');
INSERT INTO district (id, code, statecode, name) VALUES (70, 70, 5, 'BHAGALPUR');
INSERT INTO district (id, code, statecode, name) VALUES (71, 71, 5, 'AURANGABAD(BH)');
INSERT INTO district (id, code, statecode, name) VALUES (72, 72, 5, 'MADHEPURA');
INSERT INTO district (id, code, statecode, name) VALUES (73, 73, 5, 'SARAN');
INSERT INTO district (id, code, statecode, name) VALUES (74, 74, 5, 'SIWAN');
INSERT INTO district (id, code, statecode, name) VALUES (75, 75, 5, 'GOPALGANJ');
INSERT INTO district (id, code, statecode, name) VALUES (76, 76, 5, 'SITAMARHI');
INSERT INTO district (id, code, statecode, name) VALUES (77, 77, 5, 'SHEOHAR');
INSERT INTO district (id, code, statecode, name) VALUES (78, 78, 5, 'MADHUBANI');
INSERT INTO district (id, code, statecode, name) VALUES (79, 79, 5, 'MUZAFFARPUR');
INSERT INTO district (id, code, statecode, name) VALUES (80, 80, 5, 'VAISHALI');
INSERT INTO district (id, code, statecode, name) VALUES (81, 81, 5, 'EAST CHAMPARAN');
INSERT INTO district (id, code, statecode, name) VALUES (82, 82, 5, 'WEST CHAMPARAN');
INSERT INTO district (id, code, statecode, name) VALUES (83, 83, 5, 'DARBHANGA');
INSERT INTO district (id, code, statecode, name) VALUES (84, 84, 5, 'SAMASTIPUR');
INSERT INTO district (id, code, statecode, name) VALUES (85, 85, 5, 'SAHARSA');
INSERT INTO district (id, code, statecode, name) VALUES (86, 86, 5, 'SUPAUL');
INSERT INTO district (id, code, statecode, name) VALUES (87, 87, 5, 'KHAGARIA');
INSERT INTO district (id, code, statecode, name) VALUES (88, 88, 5, 'KATIHAR');
INSERT INTO district (id, code, statecode, name) VALUES (89, 89, 5, 'PURNIA');
INSERT INTO district (id, code, statecode, name) VALUES (90, 90, 5, 'KISHANGANJ');
INSERT INTO district (id, code, statecode, name) VALUES (91, 91, 5, 'ARARIA');
INSERT INTO district (id, code, statecode, name) VALUES (92, 92, 33, 'RAJNANDGAON');
INSERT INTO district (id, code, statecode, name) VALUES (93, 93, 33, 'DURG');
INSERT INTO district (id, code, statecode, name) VALUES (94, 94, 33, 'KAWARDHA');
INSERT INTO district (id, code, statecode, name) VALUES (95, 95, 6, 'CHANDIGARH');
INSERT INTO district (id, code, statecode, name) VALUES (96, 96, 33, 'RAIPUR');
INSERT INTO district (id, code, statecode, name) VALUES (97, 97, 33, 'MAHASAMUND');
INSERT INTO district (id, code, statecode, name) VALUES (98, 98, 33, 'BASTAR');
INSERT INTO district (id, code, statecode, name) VALUES (99, 99, 33, 'BIJAPUR');
INSERT INTO district (id, code, statecode, name) VALUES (100, 100, 33, 'DANTEWADA');
INSERT INTO district (id, code, statecode, name) VALUES (101, 101, 33, 'DHAMTARI');
INSERT INTO district (id, code, statecode, name) VALUES (102, 102, 33, 'KANKER');
INSERT INTO district (id, code, statecode, name) VALUES (103, 103, 33, 'BILASPUR');
INSERT INTO district (id, code, statecode, name) VALUES (104, 104, 33, 'JANJGIR-CHAMPA');
INSERT INTO district (id, code, statecode, name) VALUES (105, 105, 33, 'KORBA');
INSERT INTO district (id, code, statecode, name) VALUES (106, 106, 33, 'NARAYANPUR');
INSERT INTO district (id, code, statecode, name) VALUES (107, 107, 33, 'SURGUJA');
INSERT INTO district (id, code, statecode, name) VALUES (108, 108, 11, 'RAJKOT');
INSERT INTO district (id, code, statecode, name) VALUES (109, 109, 33, 'RAIGARH');
INSERT INTO district (id, code, statecode, name) VALUES (110, 110, 33, 'JASHPUR');
INSERT INTO district (id, code, statecode, name) VALUES (111, 111, 11, 'JAMNAGAR');
INSERT INTO district (id, code, statecode, name) VALUES (112, 112, 33, 'KORIYA');
INSERT INTO district (id, code, statecode, name) VALUES (113, 113, 11, 'PORBANDAR');
INSERT INTO district (id, code, statecode, name) VALUES (114, 114, 11, 'JUNAGADH');
INSERT INTO district (id, code, statecode, name) VALUES (115, 115, 7, 'DADRA & NAGAR HAVELI');
INSERT INTO district (id, code, statecode, name) VALUES (116, 116, 8, 'DIU');
INSERT INTO district (id, code, statecode, name) VALUES (117, 117, 8, 'DAMAN');
INSERT INTO district (id, code, statecode, name) VALUES (118, 118, 9, 'SOUTH EAST DELHI');
INSERT INTO district (id, code, statecode, name) VALUES (119, 119, 9, 'NORTH DELHI');
INSERT INTO district (id, code, statecode, name) VALUES (120, 120, 9, 'NORTH WEST DELHI');
INSERT INTO district (id, code, statecode, name) VALUES (121, 121, 9, 'WEST DELHI');
INSERT INTO district (id, code, statecode, name) VALUES (122, 122, 9, 'CENTRAL DELHI');
INSERT INTO district (id, code, statecode, name) VALUES (123, 123, 9, 'SOUTH WEST DELHI');
INSERT INTO district (id, code, statecode, name) VALUES (124, 124, 9, 'NORTH EAST DELHI');
INSERT INTO district (id, code, statecode, name) VALUES (125, 125, 10, 'NORTH GOA');
INSERT INTO district (id, code, statecode, name) VALUES (126, 126, 10, 'SOUTH GOA');
INSERT INTO district (id, code, statecode, name) VALUES (127, 127, 11, 'BHAVNAGAR');
INSERT INTO district (id, code, statecode, name) VALUES (128, 128, 11, 'AMRELI');
INSERT INTO district (id, code, statecode, name) VALUES (129, 129, 11, 'SURENDRA NAGAR');
INSERT INTO district (id, code, statecode, name) VALUES (130, 130, 11, 'GANDHI NAGAR');
INSERT INTO district (id, code, statecode, name) VALUES (131, 131, 11, 'AHMEDABAD');
INSERT INTO district (id, code, statecode, name) VALUES (132, 132, 11, 'MAHESANA');
INSERT INTO district (id, code, statecode, name) VALUES (133, 133, 11, 'KACHCHH');
INSERT INTO district (id, code, statecode, name) VALUES (134, 134, 11, 'MORBI');
INSERT INTO district (id, code, statecode, name) VALUES (135, 135, 11, 'SABARKANTHA');
INSERT INTO district (id, code, statecode, name) VALUES (136, 136, 11, 'PATAN');
INSERT INTO district (id, code, statecode, name) VALUES (137, 137, 11, 'BANASKANTHA');
INSERT INTO district (id, code, statecode, name) VALUES (138, 138, 11, 'KHEDA');
INSERT INTO district (id, code, statecode, name) VALUES (139, 139, 11, 'ANAND');
INSERT INTO district (id, code, statecode, name) VALUES (140, 140, 11, 'VADODARA');
INSERT INTO district (id, code, statecode, name) VALUES (141, 141, 11, 'DAHOD');
INSERT INTO district (id, code, statecode, name) VALUES (142, 142, 11, 'PANCH MAHALS');
INSERT INTO district (id, code, statecode, name) VALUES (143, 143, 11, 'NARMADA');
INSERT INTO district (id, code, statecode, name) VALUES (144, 144, 11, 'BHARUCH');
INSERT INTO district (id, code, statecode, name) VALUES (145, 145, 11, 'SURAT');
INSERT INTO district (id, code, statecode, name) VALUES (146, 146, 11, 'THE DANGS');
INSERT INTO district (id, code, statecode, name) VALUES (147, 147, 11, 'NAVSARI');
INSERT INTO district (id, code, statecode, name) VALUES (148, 148, 11, 'VALSAD');
INSERT INTO district (id, code, statecode, name) VALUES (149, 149, 12, 'REWARI');
INSERT INTO district (id, code, statecode, name) VALUES (150, 150, 12, 'MAHENDRAGARH');
INSERT INTO district (id, code, statecode, name) VALUES (151, 151, 12, 'ROHTAK');
INSERT INTO district (id, code, statecode, name) VALUES (152, 152, 12, 'JHAJJAR');
INSERT INTO district (id, code, statecode, name) VALUES (153, 153, 12, 'FARIDABAD');
INSERT INTO district (id, code, statecode, name) VALUES (154, 154, 12, 'GURGAON');
INSERT INTO district (id, code, statecode, name) VALUES (155, 155, 12, 'FATEHABAD');
INSERT INTO district (id, code, statecode, name) VALUES (156, 156, 12, 'HISAR');
INSERT INTO district (id, code, statecode, name) VALUES (157, 157, 12, 'SIRSA');
INSERT INTO district (id, code, statecode, name) VALUES (158, 158, 12, 'AMBALA');
INSERT INTO district (id, code, statecode, name) VALUES (159, 159, 13, 'SHIMLA');
INSERT INTO district (id, code, statecode, name) VALUES (160, 160, 12, 'JIND');
INSERT INTO district (id, code, statecode, name) VALUES (161, 161, 12, 'KARNAL');
INSERT INTO district (id, code, statecode, name) VALUES (162, 162, 12, 'PANIPAT');
INSERT INTO district (id, code, statecode, name) VALUES (163, 163, 12, 'YAMUNA NAGAR');
INSERT INTO district (id, code, statecode, name) VALUES (164, 164, 12, 'PANCHKULA');
INSERT INTO district (id, code, statecode, name) VALUES (165, 165, 12, 'BHIWANI');
INSERT INTO district (id, code, statecode, name) VALUES (166, 166, 12, 'KAITHAL');
INSERT INTO district (id, code, statecode, name) VALUES (167, 167, 12, 'KURUKSHETRA');
INSERT INTO district (id, code, statecode, name) VALUES (168, 168, 12, 'SONIPAT');
INSERT INTO district (id, code, statecode, name) VALUES (169, 169, 13, 'KULLU');
INSERT INTO district (id, code, statecode, name) VALUES (170, 170, 13, 'KINNAUR');
INSERT INTO district (id, code, statecode, name) VALUES (171, 171, 13, 'SOLAN');
INSERT INTO district (id, code, statecode, name) VALUES (172, 172, 13, 'LAHUL & SPITI');
INSERT INTO district (id, code, statecode, name) VALUES (173, 173, 13, 'SIRMAUR');
INSERT INTO district (id, code, statecode, name) VALUES (174, 174, 13, 'HAMIRPUR(HP)');
INSERT INTO district (id, code, statecode, name) VALUES (175, 175, 13, 'UNA');
INSERT INTO district (id, code, statecode, name) VALUES (176, 176, 13, 'BILASPUR (HP)');
INSERT INTO district (id, code, statecode, name) VALUES (177, 177, 13, 'MANDI');
INSERT INTO district (id, code, statecode, name) VALUES (178, 178, 13, 'KANGRA');
INSERT INTO district (id, code, statecode, name) VALUES (179, 179, 13, 'CHAMBA');
INSERT INTO district (id, code, statecode, name) VALUES (180, 180, 14, 'JAMMU');
INSERT INTO district (id, code, statecode, name) VALUES (181, 181, 14, 'UDHAMPUR');
INSERT INTO district (id, code, statecode, name) VALUES (182, 182, 14, 'KATHUA');
INSERT INTO district (id, code, statecode, name) VALUES (183, 183, 14, 'DODA');
INSERT INTO district (id, code, statecode, name) VALUES (184, 184, 14, 'POONCH');
INSERT INTO district (id, code, statecode, name) VALUES (185, 185, 14, 'RAJAURI');
INSERT INTO district (id, code, statecode, name) VALUES (186, 186, 14, 'SRINAGAR');
INSERT INTO district (id, code, statecode, name) VALUES (187, 187, 14, 'KUPWARA');
INSERT INTO district (id, code, statecode, name) VALUES (188, 188, 14, 'ANANTHNAG');
INSERT INTO district (id, code, statecode, name) VALUES (189, 189, 14, 'BARAMULLA');
INSERT INTO district (id, code, statecode, name) VALUES (190, 190, 14, 'PULWAMA');
INSERT INTO district (id, code, statecode, name) VALUES (191, 191, 14, 'BUDGAM');
INSERT INTO district (id, code, statecode, name) VALUES (192, 192, 14, 'BANDIPUR');
INSERT INTO district (id, code, statecode, name) VALUES (193, 193, 14, 'LEH');
INSERT INTO district (id, code, statecode, name) VALUES (194, 194, 14, 'KARGIL');
INSERT INTO district (id, code, statecode, name) VALUES (195, 195, 35, 'SAHIBGANJ');
INSERT INTO district (id, code, statecode, name) VALUES (196, 196, 35, 'DUMKA');
INSERT INTO district (id, code, statecode, name) VALUES (197, 197, 35, 'GODDA');
INSERT INTO district (id, code, statecode, name) VALUES (198, 198, 35, 'DEOGHAR');
INSERT INTO district (id, code, statecode, name) VALUES (199, 199, 35, 'JAMTARA');
INSERT INTO district (id, code, statecode, name) VALUES (200, 200, 35, 'PAKUR');
INSERT INTO district (id, code, statecode, name) VALUES (201, 201, 35, 'GIRIDH');
INSERT INTO district (id, code, statecode, name) VALUES (202, 202, 35, 'PALAMAU');
INSERT INTO district (id, code, statecode, name) VALUES (203, 203, 35, 'GARHWA');
INSERT INTO district (id, code, statecode, name) VALUES (204, 204, 35, 'LATEHAR');
INSERT INTO district (id, code, statecode, name) VALUES (205, 205, 35, 'BOKARO');
INSERT INTO district (id, code, statecode, name) VALUES (206, 206, 35, 'KODERMA');
INSERT INTO district (id, code, statecode, name) VALUES (207, 207, 35, 'HAZARIBAG');
INSERT INTO district (id, code, statecode, name) VALUES (208, 208, 35, 'CHATRA');
INSERT INTO district (id, code, statecode, name) VALUES (209, 209, 35, 'RAMGARH');
INSERT INTO district (id, code, statecode, name) VALUES (210, 210, 35, 'DHANBAD');
INSERT INTO district (id, code, statecode, name) VALUES (211, 211, 35, 'WEST SINGHBHUM');
INSERT INTO district (id, code, statecode, name) VALUES (212, 212, 35, 'SERAIKELA-KHARSAWAN');
INSERT INTO district (id, code, statecode, name) VALUES (213, 213, 35, 'EAST SINGHBHUM');
INSERT INTO district (id, code, statecode, name) VALUES (214, 214, 35, 'RANCHI');
INSERT INTO district (id, code, statecode, name) VALUES (215, 215, 35, 'SIMDEGA');
INSERT INTO district (id, code, statecode, name) VALUES (216, 216, 35, 'KHUNTI');
INSERT INTO district (id, code, statecode, name) VALUES (217, 217, 35, 'GUMLA');
INSERT INTO district (id, code, statecode, name) VALUES (218, 218, 35, 'LOHARDAGA');
INSERT INTO district (id, code, statecode, name) VALUES (219, 219, 15, 'BANGALORE');
INSERT INTO district (id, code, statecode, name) VALUES (220, 220, 15, 'BANGALORE RURAL');
INSERT INTO district (id, code, statecode, name) VALUES (221, 221, 15, 'KOLAR');
INSERT INTO district (id, code, statecode, name) VALUES (222, 222, 15, 'CHIKKABALLAPUR');
INSERT INTO district (id, code, statecode, name) VALUES (223, 223, 15, 'RAMANAGAR');
INSERT INTO district (id, code, statecode, name) VALUES (224, 224, 15, 'TUMKUR');
INSERT INTO district (id, code, statecode, name) VALUES (225, 225, 15, 'Mysuru');
INSERT INTO district (id, code, statecode, name) VALUES (226, 226, 15, 'CHAMRAJNAGAR');
INSERT INTO district (id, code, statecode, name) VALUES (227, 227, 15, 'MANDYA');
INSERT INTO district (id, code, statecode, name) VALUES (228, 228, 15, 'KODAGU');
INSERT INTO district (id, code, statecode, name) VALUES (229, 229, 15, 'UDUPI');
INSERT INTO district (id, code, statecode, name) VALUES (230, 230, 15, 'DAKSHINA KANNADA');
INSERT INTO district (id, code, statecode, name) VALUES (231, 231, 15, 'HASSAN');
INSERT INTO district (id, code, statecode, name) VALUES (232, 232, 15, 'DAVANGARE');
INSERT INTO district (id, code, statecode, name) VALUES (233, 233, 15, 'CHICKMAGALUR');
INSERT INTO district (id, code, statecode, name) VALUES (234, 234, 15, 'SHIMOGA');
INSERT INTO district (id, code, statecode, name) VALUES (235, 235, 15, 'CHITRADURGA');
INSERT INTO district (id, code, statecode, name) VALUES (236, 236, 15, 'GADAG');
INSERT INTO district (id, code, statecode, name) VALUES (237, 237, 15, 'DHARWARD');
INSERT INTO district (id, code, statecode, name) VALUES (238, 238, 15, 'UTTARA KANNADA');
INSERT INTO district (id, code, statecode, name) VALUES (239, 239, 15, 'BELLARY');
INSERT INTO district (id, code, statecode, name) VALUES (240, 240, 15, 'HAVERI');
INSERT INTO district (id, code, statecode, name) VALUES (241, 241, 15, 'KOPPAL');
INSERT INTO district (id, code, statecode, name) VALUES (242, 242, 15, 'BELGAUM');
INSERT INTO district (id, code, statecode, name) VALUES (243, 243, 15, 'GULBARGA');
INSERT INTO district (id, code, statecode, name) VALUES (244, 244, 15, 'BIJAPUR');
INSERT INTO district (id, code, statecode, name) VALUES (245, 245, 15, 'BAGALKOT');
INSERT INTO district (id, code, statecode, name) VALUES (246, 246, 15, 'RAICHUR');
INSERT INTO district (id, code, statecode, name) VALUES (247, 247, 15, 'BIDAR');
INSERT INTO district (id, code, statecode, name) VALUES (248, 248, 16, 'KOLLAM');
INSERT INTO district (id, code, statecode, name) VALUES (249, 249, 16, 'KANNUR');
INSERT INTO district (id, code, statecode, name) VALUES (250, 250, 16, 'PALAKKAD');
INSERT INTO district (id, code, statecode, name) VALUES (251, 251, 16, 'IDUKKI');
INSERT INTO district (id, code, statecode, name) VALUES (252, 252, 16, 'PATHANAMTHITTA');
INSERT INTO district (id, code, statecode, name) VALUES (253, 253, 16, 'WAYANAD');
INSERT INTO district (id, code, statecode, name) VALUES (254, 254, 16, 'KOTTAYAM');
INSERT INTO district (id, code, statecode, name) VALUES (255, 255, 16, 'THIRUVANANTHAPURAM');
INSERT INTO district (id, code, statecode, name) VALUES (256, 256, 16, 'THRISSUR');
INSERT INTO district (id, code, statecode, name) VALUES (257, 257, 16, 'MALAPPURAM');
INSERT INTO district (id, code, statecode, name) VALUES (258, 258, 16, 'ALAPPUZHA');
INSERT INTO district (id, code, statecode, name) VALUES (259, 259, 16, 'KASARGOD');
INSERT INTO district (id, code, statecode, name) VALUES (260, 260, 16, 'KOZHIKODE');
INSERT INTO district (id, code, statecode, name) VALUES (261, 261, 16, 'ERNAKULAM');
INSERT INTO district (id, code, statecode, name) VALUES (262, 262, 17, 'LAKSHADWEEP');
INSERT INTO district (id, code, statecode, name) VALUES (263, 263, 18, 'EAST NIMAR');
INSERT INTO district (id, code, statecode, name) VALUES (264, 264, 18, 'WEST NIMAR');
INSERT INTO district (id, code, statecode, name) VALUES (265, 265, 18, 'BARWANI');
INSERT INTO district (id, code, statecode, name) VALUES (266, 266, 18, 'DHAR');
INSERT INTO district (id, code, statecode, name) VALUES (267, 267, 18, 'INDORE');
INSERT INTO district (id, code, statecode, name) VALUES (268, 268, 18, 'DEWAS');
INSERT INTO district (id, code, statecode, name) VALUES (269, 269, 18, 'UJJAIN');
INSERT INTO district (id, code, statecode, name) VALUES (270, 270, 18, 'MANDSAUR');
INSERT INTO district (id, code, statecode, name) VALUES (271, 271, 18, 'RATLAM');
INSERT INTO district (id, code, statecode, name) VALUES (272, 272, 18, 'JHABUA');
INSERT INTO district (id, code, statecode, name) VALUES (273, 273, 18, 'BETUL');
INSERT INTO district (id, code, statecode, name) VALUES (274, 274, 18, 'SHAJAPUR');
INSERT INTO district (id, code, statecode, name) VALUES (275, 275, 18, 'NEEMUCH');
INSERT INTO district (id, code, statecode, name) VALUES (276, 276, 18, 'CHHINDWARA');
INSERT INTO district (id, code, statecode, name) VALUES (277, 277, 18, 'HARDA');
INSERT INTO district (id, code, statecode, name) VALUES (278, 278, 18, 'HOSHANGABAD');
INSERT INTO district (id, code, statecode, name) VALUES (279, 279, 18, 'NARSINGHPUR');
INSERT INTO district (id, code, statecode, name) VALUES (280, 280, 18, 'VIDISHA');
INSERT INTO district (id, code, statecode, name) VALUES (281, 281, 18, 'RAISEN');
INSERT INTO district (id, code, statecode, name) VALUES (282, 282, 18, 'BHOPAL');
INSERT INTO district (id, code, statecode, name) VALUES (283, 283, 18, 'SAGAR');
INSERT INTO district (id, code, statecode, name) VALUES (284, 284, 18, 'RAJGARH');
INSERT INTO district (id, code, statecode, name) VALUES (285, 285, 18, 'SEHORE');
INSERT INTO district (id, code, statecode, name) VALUES (286, 286, 18, 'DAMOH');
INSERT INTO district (id, code, statecode, name) VALUES (287, 287, 18, 'CHHATARPUR');
INSERT INTO district (id, code, statecode, name) VALUES (288, 288, 18, 'GUNA');
INSERT INTO district (id, code, statecode, name) VALUES (289, 289, 18, 'SHIVPURI');
INSERT INTO district (id, code, statecode, name) VALUES (290, 290, 18, 'PANNA');
INSERT INTO district (id, code, statecode, name) VALUES (291, 291, 18, 'TIKAMGARH');
INSERT INTO district (id, code, statecode, name) VALUES (292, 292, 18, 'MORENA');
INSERT INTO district (id, code, statecode, name) VALUES (293, 293, 18, 'GWALIOR');
INSERT INTO district (id, code, statecode, name) VALUES (294, 294, 18, 'DATIA');
INSERT INTO district (id, code, statecode, name) VALUES (295, 295, 18, 'BHIND');
INSERT INTO district (id, code, statecode, name) VALUES (296, 296, 18, 'SHEOPUR');
INSERT INTO district (id, code, statecode, name) VALUES (297, 297, 18, 'SEONI');
INSERT INTO district (id, code, statecode, name) VALUES (298, 298, 18, 'BALAGHAT');
INSERT INTO district (id, code, statecode, name) VALUES (299, 299, 18, 'MANDLA');
INSERT INTO district (id, code, statecode, name) VALUES (300, 300, 18, 'DINDORI');
INSERT INTO district (id, code, statecode, name) VALUES (301, 301, 18, 'UMARIA');
INSERT INTO district (id, code, statecode, name) VALUES (302, 302, 18, 'JABALPUR');
INSERT INTO district (id, code, statecode, name) VALUES (303, 303, 18, 'KATNI');
INSERT INTO district (id, code, statecode, name) VALUES (304, 304, 18, 'ANUPPUR');
INSERT INTO district (id, code, statecode, name) VALUES (305, 305, 18, 'SIDHI');
INSERT INTO district (id, code, statecode, name) VALUES (306, 306, 18, 'SHAHDOL');
INSERT INTO district (id, code, statecode, name) VALUES (307, 307, 18, 'SATNA');
INSERT INTO district (id, code, statecode, name) VALUES (308, 308, 18, 'REWA');
INSERT INTO district (id, code, statecode, name) VALUES (309, 309, 19, 'RAIGARH(MH)');
INSERT INTO district (id, code, statecode, name) VALUES (310, 310, 19, 'THANE');
INSERT INTO district (id, code, statecode, name) VALUES (311, 311, 19, 'MUMBAI');
INSERT INTO district (id, code, statecode, name) VALUES (312, 312, 19, 'AHMED NAGAR');
INSERT INTO district (id, code, statecode, name) VALUES (313, 313, 19, 'AURANGABAD');
INSERT INTO district (id, code, statecode, name) VALUES (314, 314, 19, 'PUNE');
INSERT INTO district (id, code, statecode, name) VALUES (315, 315, 19, 'SOLAPUR');
INSERT INTO district (id, code, statecode, name) VALUES (316, 316, 19, 'OSMANABAD');
INSERT INTO district (id, code, statecode, name) VALUES (317, 317, 19, 'LATUR');
INSERT INTO district (id, code, statecode, name) VALUES (318, 318, 19, 'SATARA');
INSERT INTO district (id, code, statecode, name) VALUES (319, 319, 19, 'BEED');
INSERT INTO district (id, code, statecode, name) VALUES (320, 320, 19, 'RATNAGIRI');
INSERT INTO district (id, code, statecode, name) VALUES (321, 321, 19, 'SANGLI');
INSERT INTO district (id, code, statecode, name) VALUES (322, 322, 19, 'KOLHAPUR');
INSERT INTO district (id, code, statecode, name) VALUES (323, 323, 19, 'SINDHUDURG');
INSERT INTO district (id, code, statecode, name) VALUES (324, 324, 19, 'NASHIK');
INSERT INTO district (id, code, statecode, name) VALUES (325, 325, 19, 'NANDURBAR');
INSERT INTO district (id, code, statecode, name) VALUES (326, 326, 19, 'JALGAON');
INSERT INTO district (id, code, statecode, name) VALUES (327, 327, 19, 'DHULE');
INSERT INTO district (id, code, statecode, name) VALUES (328, 328, 19, 'JALNA');
INSERT INTO district (id, code, statecode, name) VALUES (329, 329, 19, 'PARBHANI');
INSERT INTO district (id, code, statecode, name) VALUES (330, 330, 19, 'NANDED');
INSERT INTO district (id, code, statecode, name) VALUES (331, 331, 19, 'HINGOLI');
INSERT INTO district (id, code, statecode, name) VALUES (332, 332, 19, 'GONDIA');
INSERT INTO district (id, code, statecode, name) VALUES (333, 333, 19, 'BHANDARA');
INSERT INTO district (id, code, statecode, name) VALUES (334, 334, 19, 'CHANDRAPUR');
INSERT INTO district (id, code, statecode, name) VALUES (335, 335, 19, 'WARDHA');
INSERT INTO district (id, code, statecode, name) VALUES (336, 336, 19, 'GADCHIROLI');
INSERT INTO district (id, code, statecode, name) VALUES (337, 337, 19, 'NAGPUR');
INSERT INTO district (id, code, statecode, name) VALUES (338, 338, 19, 'BULDHANA');
INSERT INTO district (id, code, statecode, name) VALUES (339, 339, 19, 'AMRAVATI');
INSERT INTO district (id, code, statecode, name) VALUES (340, 340, 19, 'WASHIM');
INSERT INTO district (id, code, statecode, name) VALUES (341, 341, 19, 'AKOLA');
INSERT INTO district (id, code, statecode, name) VALUES (342, 342, 20, 'CHANDEL');
INSERT INTO district (id, code, statecode, name) VALUES (343, 343, 20, 'THOUBAL');
INSERT INTO district (id, code, statecode, name) VALUES (344, 344, 20, 'CHURACHANDPUR');
INSERT INTO district (id, code, statecode, name) VALUES (345, 345, 20, 'SENAPATI');
INSERT INTO district (id, code, statecode, name) VALUES (346, 346, 20, 'IMPHAL WEST');
INSERT INTO district (id, code, statecode, name) VALUES (347, 347, 19, 'YAVATMAL');
INSERT INTO district (id, code, statecode, name) VALUES (348, 348, 20, 'IMPHAL EAST');
INSERT INTO district (id, code, statecode, name) VALUES (349, 349, 20, 'TAMENGLONG');
INSERT INTO district (id, code, statecode, name) VALUES (350, 350, 20, 'UKHRUL');
INSERT INTO district (id, code, statecode, name) VALUES (351, 351, 20, 'BISHNUPUR');
INSERT INTO district (id, code, statecode, name) VALUES (352, 352, 21, 'WEST KHASI HILLS');
INSERT INTO district (id, code, statecode, name) VALUES (353, 353, 21, 'EAST KHASI HILLS');
INSERT INTO district (id, code, statecode, name) VALUES (354, 354, 21, 'WEST GARO HILLS');
INSERT INTO district (id, code, statecode, name) VALUES (355, 355, 21, 'SOUTH GARO HILLS');
INSERT INTO district (id, code, statecode, name) VALUES (356, 356, 21, 'RI BHOI');
INSERT INTO district (id, code, statecode, name) VALUES (357, 357, 21, 'EAST GARO HILLS');
INSERT INTO district (id, code, statecode, name) VALUES (358, 358, 21, 'JAINTIA HILLS');
INSERT INTO district (id, code, statecode, name) VALUES (359, 359, 24, 'KHORDA');
INSERT INTO district (id, code, statecode, name) VALUES (360, 360, 24, 'PURI');
INSERT INTO district (id, code, statecode, name) VALUES (361, 361, 23, 'PHEK');
INSERT INTO district (id, code, statecode, name) VALUES (362, 362, 23, 'ZUNHEBOTTO');
INSERT INTO district (id, code, statecode, name) VALUES (363, 363, 23, 'KOHIMA');
INSERT INTO district (id, code, statecode, name) VALUES (364, 364, 23, 'DIMAPUR');
INSERT INTO district (id, code, statecode, name) VALUES (365, 365, 23, 'PEREN');
INSERT INTO district (id, code, statecode, name) VALUES (366, 366, 23, 'WOKHA');
INSERT INTO district (id, code, statecode, name) VALUES (367, 367, 24, 'NAYAGARH');
INSERT INTO district (id, code, statecode, name) VALUES (368, 368, 23, 'MOKOKCHUNG');
INSERT INTO district (id, code, statecode, name) VALUES (369, 369, 23, 'TUENSANG');
INSERT INTO district (id, code, statecode, name) VALUES (370, 370, 23, 'MON');
INSERT INTO district (id, code, statecode, name) VALUES (371, 371, 23, 'KIPHIRE');
INSERT INTO district (id, code, statecode, name) VALUES (372, 372, 22, 'AIZAWL');
INSERT INTO district (id, code, statecode, name) VALUES (373, 373, 22, 'KOLASIB');
INSERT INTO district (id, code, statecode, name) VALUES (374, 374, 22, 'MAMMIT');
INSERT INTO district (id, code, statecode, name) VALUES (375, 375, 22, 'LUNGLEI');
INSERT INTO district (id, code, statecode, name) VALUES (376, 376, 22, 'SERCHHIP');
INSERT INTO district (id, code, statecode, name) VALUES (377, 377, 23, 'LONGLENG');
INSERT INTO district (id, code, statecode, name) VALUES (378, 378, 22, 'CHAMPHAI');
INSERT INTO district (id, code, statecode, name) VALUES (379, 379, 22, 'LAWNGTLAI');
INSERT INTO district (id, code, statecode, name) VALUES (380, 380, 22, 'SAIHA');
INSERT INTO district (id, code, statecode, name) VALUES (381, 381, 24, 'CUTTACK');
INSERT INTO district (id, code, statecode, name) VALUES (382, 382, 24, 'JAGATSINGHAPUR');
INSERT INTO district (id, code, statecode, name) VALUES (383, 383, 24, 'KENDRAPARA');
INSERT INTO district (id, code, statecode, name) VALUES (384, 384, 24, 'JAJAPUR');
INSERT INTO district (id, code, statecode, name) VALUES (385, 385, 24, 'BALESWAR');
INSERT INTO district (id, code, statecode, name) VALUES (386, 386, 24, 'KENDUJHAR');
INSERT INTO district (id, code, statecode, name) VALUES (387, 387, 24, 'BHADRAK');
INSERT INTO district (id, code, statecode, name) VALUES (388, 388, 24, 'MAYURBHANJ');
INSERT INTO district (id, code, statecode, name) VALUES (389, 389, 24, 'DHENKANAL');
INSERT INTO district (id, code, statecode, name) VALUES (390, 390, 24, 'ANGUL');
INSERT INTO district (id, code, statecode, name) VALUES (391, 391, 24, 'GANJAM');
INSERT INTO district (id, code, statecode, name) VALUES (392, 392, 24, 'GAJAPATI');
INSERT INTO district (id, code, statecode, name) VALUES (393, 393, 24, 'KORAPUT');
INSERT INTO district (id, code, statecode, name) VALUES (394, 394, 24, 'BOUDH');
INSERT INTO district (id, code, statecode, name) VALUES (395, 395, 24, 'KANDHAMAL');
INSERT INTO district (id, code, statecode, name) VALUES (396, 396, 24, 'MALKANGIRI');
INSERT INTO district (id, code, statecode, name) VALUES (397, 397, 24, 'RAYAGADA');
INSERT INTO district (id, code, statecode, name) VALUES (398, 398, 24, 'NABARANGAPUR');
INSERT INTO district (id, code, statecode, name) VALUES (399, 399, 24, 'KALAHANDI');
INSERT INTO district (id, code, statecode, name) VALUES (400, 400, 24, 'NUAPADA');
INSERT INTO district (id, code, statecode, name) VALUES (401, 401, 24, 'SAMBALPUR');
INSERT INTO district (id, code, statecode, name) VALUES (402, 402, 24, 'BALANGIR');
INSERT INTO district (id, code, statecode, name) VALUES (403, 403, 24, 'SONAPUR');
INSERT INTO district (id, code, statecode, name) VALUES (404, 404, 24, 'DEBAGARH');
INSERT INTO district (id, code, statecode, name) VALUES (405, 405, 24, 'BARGARH');
INSERT INTO district (id, code, statecode, name) VALUES (406, 406, 24, 'JHARSUGUDA');
INSERT INTO district (id, code, statecode, name) VALUES (407, 407, 24, 'SUNDERGARH');
INSERT INTO district (id, code, statecode, name) VALUES (408, 408, 25, 'KARAIKAL');
INSERT INTO district (id, code, statecode, name) VALUES (409, 409, 26, 'RUPNAGAR');
INSERT INTO district (id, code, statecode, name) VALUES (410, 410, 26, 'PATIALA');
INSERT INTO district (id, code, statecode, name) VALUES (411, 411, 26, 'FATEHGARH SAHIB');
INSERT INTO district (id, code, statecode, name) VALUES (412, 412, 25, 'PONDICHERRY');
INSERT INTO district (id, code, statecode, name) VALUES (413, 413, 26, 'JALANDHAR');
INSERT INTO district (id, code, statecode, name) VALUES (414, 414, 26, 'HOSHIARPUR');
INSERT INTO district (id, code, statecode, name) VALUES (415, 415, 26, 'LUDHIANA');
INSERT INTO district (id, code, statecode, name) VALUES (416, 416, 26, 'AMRITSAR');
INSERT INTO district (id, code, statecode, name) VALUES (417, 417, 26, 'TARN TARAN');
INSERT INTO district (id, code, statecode, name) VALUES (418, 418, 26, 'GURDASPUR');
INSERT INTO district (id, code, statecode, name) VALUES (419, 419, 26, 'Pathankot');
INSERT INTO district (id, code, statecode, name) VALUES (420, 420, 26, 'NAWANSHAHR');
INSERT INTO district (id, code, statecode, name) VALUES (421, 421, 26, 'SANGRUR');
INSERT INTO district (id, code, statecode, name) VALUES (422, 422, 26, 'MOGA');
INSERT INTO district (id, code, statecode, name) VALUES (423, 423, 26, 'FIROZPUR');
INSERT INTO district (id, code, statecode, name) VALUES (424, 424, 26, 'KAPURTHALA');
INSERT INTO district (id, code, statecode, name) VALUES (425, 425, 26, 'BARNALA');
INSERT INTO district (id, code, statecode, name) VALUES (426, 426, 26, 'Fazilka');
INSERT INTO district (id, code, statecode, name) VALUES (427, 427, 26, 'MUKTSAR');
INSERT INTO district (id, code, statecode, name) VALUES (428, 428, 26, 'BATHINDA');
INSERT INTO district (id, code, statecode, name) VALUES (429, 429, 26, 'FARIDKOT');
INSERT INTO district (id, code, statecode, name) VALUES (430, 430, 26, 'MANSA');
INSERT INTO district (id, code, statecode, name) VALUES (431, 431, 27, 'TONK');
INSERT INTO district (id, code, statecode, name) VALUES (432, 432, 27, 'ALWAR');
INSERT INTO district (id, code, statecode, name) VALUES (433, 433, 27, 'JAIPUR');
INSERT INTO district (id, code, statecode, name) VALUES (434, 434, 27, 'DAUSA');
INSERT INTO district (id, code, statecode, name) VALUES (435, 435, 27, 'AJMER');
INSERT INTO district (id, code, statecode, name) VALUES (436, 436, 27, 'NAGAUR');
INSERT INTO district (id, code, statecode, name) VALUES (437, 437, 27, 'RAJSAMAND');
INSERT INTO district (id, code, statecode, name) VALUES (438, 438, 27, 'PALI');
INSERT INTO district (id, code, statecode, name) VALUES (439, 439, 27, 'BHILWARA');
INSERT INTO district (id, code, statecode, name) VALUES (440, 440, 27, 'SIROHI');
INSERT INTO district (id, code, statecode, name) VALUES (441, 441, 27, 'UDAIPUR');
INSERT INTO district (id, code, statecode, name) VALUES (442, 442, 27, 'JALOR');
INSERT INTO district (id, code, statecode, name) VALUES (443, 443, 27, 'CHITTORGARH');
INSERT INTO district (id, code, statecode, name) VALUES (444, 444, 27, 'BHARATPUR');
INSERT INTO district (id, code, statecode, name) VALUES (445, 445, 27, 'KARAULI');
INSERT INTO district (id, code, statecode, name) VALUES (446, 446, 27, 'SAWAI MADHOPUR');
INSERT INTO district (id, code, statecode, name) VALUES (447, 447, 27, 'DUNGARPUR');
INSERT INTO district (id, code, statecode, name) VALUES (448, 448, 27, 'BUNDI');
INSERT INTO district (id, code, statecode, name) VALUES (449, 449, 27, 'BANSWARA');
INSERT INTO district (id, code, statecode, name) VALUES (450, 450, 27, 'BARAN');
INSERT INTO district (id, code, statecode, name) VALUES (451, 451, 27, 'JHALAWAR');
INSERT INTO district (id, code, statecode, name) VALUES (452, 452, 27, 'KOTA');
INSERT INTO district (id, code, statecode, name) VALUES (453, 453, 27, 'DHOLPUR');
INSERT INTO district (id, code, statecode, name) VALUES (454, 454, 27, 'SIKAR');
INSERT INTO district (id, code, statecode, name) VALUES (455, 455, 27, 'JHUJHUNU');
INSERT INTO district (id, code, statecode, name) VALUES (456, 456, 27, 'GANGANAGAR');
INSERT INTO district (id, code, statecode, name) VALUES (457, 457, 27, 'HANUMANGARH');
INSERT INTO district (id, code, statecode, name) VALUES (458, 458, 27, 'BIKANER');
INSERT INTO district (id, code, statecode, name) VALUES (459, 459, 27, 'CHURU');
INSERT INTO district (id, code, statecode, name) VALUES (460, 460, 27, 'JAISALMER');
INSERT INTO district (id, code, statecode, name) VALUES (461, 461, 27, 'JODHPUR');
INSERT INTO district (id, code, statecode, name) VALUES (462, 462, 27, 'BARMER');
INSERT INTO district (id, code, statecode, name) VALUES (463, 463, 29, 'KANCHIPURAM');
INSERT INTO district (id, code, statecode, name) VALUES (464, 464, 28, 'SOUTH SIKKIM');
INSERT INTO district (id, code, statecode, name) VALUES (465, 465, 28, 'EAST SIKKIM');
INSERT INTO district (id, code, statecode, name) VALUES (466, 466, 28, 'WEST SIKKIM');
INSERT INTO district (id, code, statecode, name) VALUES (467, 467, 28, 'NORTH SIKKIM');
INSERT INTO district (id, code, statecode, name) VALUES (468, 468, 29, 'VILLUPURAM');
INSERT INTO district (id, code, statecode, name) VALUES (469, 469, 29, 'VELLORE');
INSERT INTO district (id, code, statecode, name) VALUES (470, 470, 29, 'CHENNAI');
INSERT INTO district (id, code, statecode, name) VALUES (471, 471, 29, 'TIRUVALLUR');
INSERT INTO district (id, code, statecode, name) VALUES (472, 472, 29, 'CUDDALORE');
INSERT INTO district (id, code, statecode, name) VALUES (473, 473, 29, 'TIRUVANNAMALAI');
INSERT INTO district (id, code, statecode, name) VALUES (474, 474, 29, 'NAGAPATTINAM');
INSERT INTO district (id, code, statecode, name) VALUES (475, 475, 29, 'ARIYALUR');
INSERT INTO district (id, code, statecode, name) VALUES (476, 476, 29, 'TIRUVARUR');
INSERT INTO district (id, code, statecode, name) VALUES (477, 477, 29, 'THANJAVUR');
INSERT INTO district (id, code, statecode, name) VALUES (478, 478, 29, 'PUDUKKOTTAI');
INSERT INTO district (id, code, statecode, name) VALUES (479, 479, 29, 'TIRUCHIRAPPALLI');
INSERT INTO district (id, code, statecode, name) VALUES (480, 480, 29, 'PERAMBALUR');
INSERT INTO district (id, code, statecode, name) VALUES (481, 481, 29, 'SIVAGANGA');
INSERT INTO district (id, code, statecode, name) VALUES (482, 482, 29, 'KARUR');
INSERT INTO district (id, code, statecode, name) VALUES (483, 483, 29, 'SALEM');
INSERT INTO district (id, code, statecode, name) VALUES (484, 484, 29, 'NAMAKKAL');
INSERT INTO district (id, code, statecode, name) VALUES (485, 485, 29, 'RAMANATHAPURAM');
INSERT INTO district (id, code, statecode, name) VALUES (486, 486, 29, 'DINDIGUL');
INSERT INTO district (id, code, statecode, name) VALUES (487, 487, 29, 'VIRUDHUNAGAR');
INSERT INTO district (id, code, statecode, name) VALUES (488, 488, 29, 'MADURAI');
INSERT INTO district (id, code, statecode, name) VALUES (489, 489, 29, 'TUTICORIN');
INSERT INTO district (id, code, statecode, name) VALUES (490, 490, 29, 'THENI');
INSERT INTO district (id, code, statecode, name) VALUES (491, 491, 29, 'TIRUNELVELI');
INSERT INTO district (id, code, statecode, name) VALUES (492, 492, 29, 'TIRUPPUR');
INSERT INTO district (id, code, statecode, name) VALUES (493, 493, 29, 'KANYAKUMARI');
INSERT INTO district (id, code, statecode, name) VALUES (494, 494, 29, 'KRISHNAGIRI');
INSERT INTO district (id, code, statecode, name) VALUES (495, 495, 29, 'DHARMAPURI');
INSERT INTO district (id, code, statecode, name) VALUES (496, 496, 29, 'ERODE');
INSERT INTO district (id, code, statecode, name) VALUES (497, 497, 29, 'COIMBATORE');
INSERT INTO district (id, code, statecode, name) VALUES (498, 498, 29, 'NILGIRIS');
INSERT INTO district (id, code, statecode, name) VALUES (499, 499, 36, 'MEDAK');
INSERT INTO district (id, code, statecode, name) VALUES (500, 500, 36, 'ADILABAD');
INSERT INTO district (id, code, statecode, name) VALUES (501, 501, 36, 'HYDERABAD');
INSERT INTO district (id, code, statecode, name) VALUES (502, 502, 36, 'K.V.RANGAREDDY');
INSERT INTO district (id, code, statecode, name) VALUES (503, 503, 36, 'NIZAMABAD');
INSERT INTO district (id, code, statecode, name) VALUES (504, 504, 36, 'KHAMMAM');
INSERT INTO district (id, code, statecode, name) VALUES (505, 505, 36, 'KARIM NAGAR');
INSERT INTO district (id, code, statecode, name) VALUES (506, 506, 36, 'WARANGAL');
INSERT INTO district (id, code, statecode, name) VALUES (507, 507, 36, 'NALGONDA');
INSERT INTO district (id, code, statecode, name) VALUES (508, 508, 36, 'MAHABUB NAGAR');
INSERT INTO district (id, code, statecode, name) VALUES (509, 509, 30, 'WEST TRIPURA');
INSERT INTO district (id, code, statecode, name) VALUES (510, 510, 30, 'SOUTH TRIPURA');
INSERT INTO district (id, code, statecode, name) VALUES (511, 511, 31, 'HATHRAS');
INSERT INTO district (id, code, statecode, name) VALUES (512, 512, 31, 'ALIGARH');
INSERT INTO district (id, code, statecode, name) VALUES (513, 513, 30, 'DHALAI');
INSERT INTO district (id, code, statecode, name) VALUES (514, 514, 30, 'NORTH TRIPURA');
INSERT INTO district (id, code, statecode, name) VALUES (515, 515, 31, 'GHAZIABAD');
INSERT INTO district (id, code, statecode, name) VALUES (516, 516, 31, 'BULANDSHAHR');
INSERT INTO district (id, code, statecode, name) VALUES (517, 517, 31, 'GAUTAM BUDDHA NAGAR');
INSERT INTO district (id, code, statecode, name) VALUES (518, 518, 31, 'MAINPURI');
INSERT INTO district (id, code, statecode, name) VALUES (519, 519, 31, 'FIROZABAD');
INSERT INTO district (id, code, statecode, name) VALUES (520, 520, 31, 'AURAIYA');
INSERT INTO district (id, code, statecode, name) VALUES (521, 521, 31, 'ETAWAH');
INSERT INTO district (id, code, statecode, name) VALUES (522, 522, 31, 'ETAH');
INSERT INTO district (id, code, statecode, name) VALUES (523, 523, 31, 'FARRUKHABAD');
INSERT INTO district (id, code, statecode, name) VALUES (524, 524, 31, 'KANNAUJ');
INSERT INTO district (id, code, statecode, name) VALUES (525, 525, 31, 'KANPUR DEHAT');
INSERT INTO district (id, code, statecode, name) VALUES (526, 526, 31, 'KANPUR NAGAR');
INSERT INTO district (id, code, statecode, name) VALUES (527, 527, 31, 'AGRA');
INSERT INTO district (id, code, statecode, name) VALUES (528, 528, 31, 'UNNAO');
INSERT INTO district (id, code, statecode, name) VALUES (529, 529, 31, 'BANDA');
INSERT INTO district (id, code, statecode, name) VALUES (530, 530, 31, 'CHITRAKOOT');
INSERT INTO district (id, code, statecode, name) VALUES (531, 531, 31, 'HAMIRPUR');
INSERT INTO district (id, code, statecode, name) VALUES (532, 532, 31, 'ALLAHABAD');
INSERT INTO district (id, code, statecode, name) VALUES (533, 533, 31, 'KAUSHAMBI');
INSERT INTO district (id, code, statecode, name) VALUES (534, 534, 31, 'MAHOBA');
INSERT INTO district (id, code, statecode, name) VALUES (535, 535, 31, 'SANT RAVIDAS NAGAR');
INSERT INTO district (id, code, statecode, name) VALUES (536, 536, 31, 'VARANASI');
INSERT INTO district (id, code, statecode, name) VALUES (537, 537, 31, 'FATEHPUR');
INSERT INTO district (id, code, statecode, name) VALUES (538, 538, 31, 'CHANDAULI');
INSERT INTO district (id, code, statecode, name) VALUES (539, 539, 31, 'BALLIA');
INSERT INTO district (id, code, statecode, name) VALUES (540, 540, 31, 'JAUNPUR');
INSERT INTO district (id, code, statecode, name) VALUES (541, 541, 31, 'SULTANPUR');
INSERT INTO district (id, code, statecode, name) VALUES (542, 542, 31, 'MAU');
INSERT INTO district (id, code, statecode, name) VALUES (543, 543, 31, 'AZAMGARH');
INSERT INTO district (id, code, statecode, name) VALUES (544, 544, 31, 'AMBEDKAR NAGAR');
INSERT INTO district (id, code, statecode, name) VALUES (545, 545, 31, 'FAIZABAD');
INSERT INTO district (id, code, statecode, name) VALUES (546, 546, 31, 'BARABANKI');
INSERT INTO district (id, code, statecode, name) VALUES (547, 547, 31, 'LUCKNOW');
INSERT INTO district (id, code, statecode, name) VALUES (548, 548, 31, 'RAEBARELI');
INSERT INTO district (id, code, statecode, name) VALUES (549, 549, 31, 'MIRZAPUR');
INSERT INTO district (id, code, statecode, name) VALUES (550, 550, 31, 'SONBHADRA');
INSERT INTO district (id, code, statecode, name) VALUES (551, 551, 31, 'PRATAPGARH');
INSERT INTO district (id, code, statecode, name) VALUES (552, 552, 31, 'GHAZIPUR');
INSERT INTO district (id, code, statecode, name) VALUES (553, 553, 31, 'HARDOI');
INSERT INTO district (id, code, statecode, name) VALUES (554, 554, 31, 'SHAHJAHANPUR');
INSERT INTO district (id, code, statecode, name) VALUES (555, 555, 31, 'BAREILLY');
INSERT INTO district (id, code, statecode, name) VALUES (556, 556, 31, 'BUDAUN');
INSERT INTO district (id, code, statecode, name) VALUES (557, 557, 31, 'PILIBHIT');
INSERT INTO district (id, code, statecode, name) VALUES (558, 558, 31, 'RAMPUR');
INSERT INTO district (id, code, statecode, name) VALUES (559, 559, 31, 'MORADABAD');
INSERT INTO district (id, code, statecode, name) VALUES (560, 560, 31, 'JYOTIBA PHULE NAGAR');
INSERT INTO district (id, code, statecode, name) VALUES (561, 561, 31, 'BIJNOR');
INSERT INTO district (id, code, statecode, name) VALUES (562, 562, 31, 'MUZAFFARNAGAR');
INSERT INTO district (id, code, statecode, name) VALUES (563, 563, 31, 'SAHARANPUR');
INSERT INTO district (id, code, statecode, name) VALUES (564, 564, 31, 'MEERUT');
INSERT INTO district (id, code, statecode, name) VALUES (565, 565, 31, 'BAGPAT');
INSERT INTO district (id, code, statecode, name) VALUES (566, 566, 31, 'SITAPUR');
INSERT INTO district (id, code, statecode, name) VALUES (567, 567, 31, 'KHERI');
INSERT INTO district (id, code, statecode, name) VALUES (568, 568, 31, 'SHRAWASTI');
INSERT INTO district (id, code, statecode, name) VALUES (569, 569, 31, 'BAHRAICH');
INSERT INTO district (id, code, statecode, name) VALUES (570, 570, 31, 'GONDA');
INSERT INTO district (id, code, statecode, name) VALUES (571, 571, 31, 'BALRAMPUR');
INSERT INTO district (id, code, statecode, name) VALUES (572, 572, 31, 'BASTI');
INSERT INTO district (id, code, statecode, name) VALUES (573, 573, 31, 'SANT KABIR NAGAR');
INSERT INTO district (id, code, statecode, name) VALUES (574, 574, 31, 'SIDDHARTHNAGAR');
INSERT INTO district (id, code, statecode, name) VALUES (575, 575, 31, 'GORAKHPUR');
INSERT INTO district (id, code, statecode, name) VALUES (576, 576, 31, 'MAHARAJGANJ');
INSERT INTO district (id, code, statecode, name) VALUES (577, 577, 31, 'DEORIA');
INSERT INTO district (id, code, statecode, name) VALUES (578, 578, 31, 'KUSHINAGAR');
INSERT INTO district (id, code, statecode, name) VALUES (579, 579, 31, 'JHANSI');
INSERT INTO district (id, code, statecode, name) VALUES (580, 580, 31, 'JALAUN');
INSERT INTO district (id, code, statecode, name) VALUES (581, 581, 31, 'MATHURA');
INSERT INTO district (id, code, statecode, name) VALUES (582, 582, 31, 'LALITPUR');
INSERT INTO district (id, code, statecode, name) VALUES (583, 583, 34, 'UDHAM SINGH NAGAR');
INSERT INTO district (id, code, statecode, name) VALUES (584, 584, 34, 'NAINITAL');
INSERT INTO district (id, code, statecode, name) VALUES (585, 585, 34, 'ALMORA');
INSERT INTO district (id, code, statecode, name) VALUES (586, 586, 34, 'CHAMOLI');
INSERT INTO district (id, code, statecode, name) VALUES (587, 587, 34, 'RUDRAPRAYAG');
INSERT INTO district (id, code, statecode, name) VALUES (588, 588, 34, 'PAURI GARHWAL');
INSERT INTO district (id, code, statecode, name) VALUES (589, 589, 34, 'DEHRADUN');
INSERT INTO district (id, code, statecode, name) VALUES (590, 590, 34, 'UTTARKASHI');
INSERT INTO district (id, code, statecode, name) VALUES (591, 591, 34, 'TEHRI GARHWAL');
INSERT INTO district (id, code, statecode, name) VALUES (592, 592, 34, 'HARIDWAR');
INSERT INTO district (id, code, statecode, name) VALUES (593, 593, 34, 'CHAMPAWAT');
INSERT INTO district (id, code, statecode, name) VALUES (594, 594, 34, 'PITHORAGARH');
INSERT INTO district (id, code, statecode, name) VALUES (595, 595, 32, 'BARDHAMAN');
INSERT INTO district (id, code, statecode, name) VALUES (596, 596, 34, 'BAGESHWAR');
INSERT INTO district (id, code, statecode, name) VALUES (597, 597, 32, 'NORTH 24 PARGANAS');
INSERT INTO district (id, code, statecode, name) VALUES (598, 598, 32, 'HOWRAH');
INSERT INTO district (id, code, statecode, name) VALUES (599, 599, 32, 'HOOGHLY');
INSERT INTO district (id, code, statecode, name) VALUES (600, 600, 32, 'SOUTH 24 PARGANAS');
INSERT INTO district (id, code, statecode, name) VALUES (601, 601, 32, 'MURSHIDABAD');
INSERT INTO district (id, code, statecode, name) VALUES (602, 602, 32, 'KOLKATA');
INSERT INTO district (id, code, statecode, name) VALUES (603, 603, 32, 'WEST MIDNAPORE');
INSERT INTO district (id, code, statecode, name) VALUES (604, 604, 32, 'EAST MIDNAPORE');
INSERT INTO district (id, code, statecode, name) VALUES (605, 605, 32, 'BANKURA');
INSERT INTO district (id, code, statecode, name) VALUES (606, 606, 32, 'Purulia');
INSERT INTO district (id, code, statecode, name) VALUES (607, 607, 32, 'NADIA');
INSERT INTO district (id, code, statecode, name) VALUES (608, 608, 32, 'BIRBHUM');
INSERT INTO district (id, code, statecode, name) VALUES (609, 609, 32, 'MALDA');
INSERT INTO district (id, code, statecode, name) VALUES (610, 610, 32, 'NORTH DINAJPUR');
INSERT INTO district (id, code, statecode, name) VALUES (611, 611, 32, 'SOUTH DINAJPUR');
INSERT INTO district (id, code, statecode, name) VALUES (612, 612, 32, 'JALPAIGURI');
INSERT INTO district (id, code, statecode, name) VALUES (613, 613, 32, 'COOCH BEHAR');
INSERT INTO district (id, code, statecode, name) VALUES (614, 614, 32, 'DARJILING');
INSERT INTO district (id, code, statecode, name) VALUES (615, 615, 15, 'MYSORE');
INSERT INTO district (id, code, statecode, name) VALUES (616, 616, 32, 'ALIPURDUAR');
INSERT INTO district (id, code, statecode, name) VALUES (617, 617, 9, 'SOUTH DELHI');
INSERT INTO district (id, code, statecode, name) VALUES (618, 621, 31, 'HAPUR');
INSERT INTO district (id, code, statecode, name) VALUES (619, 622, 9, 'EAST DELHI');
INSERT INTO district (id, code, statecode, name) VALUES (620, 624, 19, 'PALGHAR');
INSERT INTO district (id, code, statecode, name) VALUES (621, 625, 9, 'New Delhi');
INSERT INTO district (id, code, statecode, name) VALUES (622, 627, 34, 'Haridwar ');
INSERT INTO district (id, code, statecode, name) VALUES (623, 628, 34, 'Saharanpur');
INSERT INTO district (id, code, statecode, name) VALUES (624, 629, 31, 'NOIDA');
INSERT INTO district (id, code, statecode, name) VALUES (625, 630, 15, 'BENGALURU');
INSERT INTO district (id, code, statecode, name) VALUES (626, 631, 32, 'PARGANAS');
INSERT INTO district (id, code, statecode, name) VALUES (627, 632, 32, 'BANKUR');
INSERT INTO state (id, code, name) VALUES (1, 2, 'Andhra Pradesh');
INSERT INTO state (id, code, name) VALUES (2, 3, 'Arunachal Pradesh');
INSERT INTO state (id, code, name) VALUES (3, 4, 'Assam');
INSERT INTO state (id, code, name) VALUES (4, 5, 'Bihar');
INSERT INTO state (id, code, name) VALUES (5, 6, 'Chandigarh');
INSERT INTO state (id, code, name) VALUES (6, 8, 'Daman and Diu');
INSERT INTO state (id, code, name) VALUES (7, 9, 'Delhi');
INSERT INTO state (id, code, name) VALUES (8, 10, 'Goa');
INSERT INTO state (id, code, name) VALUES (9, 11, 'Gujarat');
INSERT INTO state (id, code, name) VALUES (10, 12, 'Haryana');
INSERT INTO state (id, code, name) VALUES (11, 13, 'Himachal Pradesh');
INSERT INTO state (id, code, name) VALUES (12, 14, 'Jammu and Kashmir');
INSERT INTO state (id, code, name) VALUES (13, 15, 'Karnataka');
INSERT INTO state (id, code, name) VALUES (14, 16, 'Kerala');
INSERT INTO state (id, code, name) VALUES (15, 17, 'Lakshadweep');
INSERT INTO state (id, code, name) VALUES (16, 18, 'Madhya Pradesh');
INSERT INTO state (id, code, name) VALUES (17, 19, 'Maharashtra');
INSERT INTO state (id, code, name) VALUES (18, 20, 'Manipur');
INSERT INTO state (id, code, name) VALUES (19, 22, 'Mizoram');
INSERT INTO state (id, code, name) VALUES (20, 23, 'Nagaland');
INSERT INTO state (id, code, name) VALUES (21, 24, 'Odisha');
INSERT INTO state (id, code, name) VALUES (22, 26, 'Punjab');
INSERT INTO state (id, code, name) VALUES (23, 27, 'Rajasthan');
INSERT INTO state (id, code, name) VALUES (24, 28, 'Sikkim');
INSERT INTO state (id, code, name) VALUES (25, 29, 'Tamil Nadu');
INSERT INTO state (id, code, name) VALUES (26, 30, 'Tripura');
INSERT INTO state (id, code, name) VALUES (27, 31, 'Uttar Pradesh');
INSERT INTO state (id, code, name) VALUES (28, 32, 'West Bengal');
INSERT INTO state (id, code, name) VALUES (29, 34, 'Uttarakhand');
INSERT INTO state (id, code, name) VALUES (30, 35, 'Jharkhand');
INSERT INTO state (id, code, name) VALUES (31, 36, 'Telangana');
INSERT INTO state (id, code, name) VALUES (32, 99, 'Foreign');
INSERT INTO state (id, code, name) VALUES (33, 37, 'Ladakh');
INSERT INTO state (id, code, name) VALUES (34, 1, 'Andaman And Nicobar Islands');
INSERT INTO state (id, code, name) VALUES (35, 7, 'Dadra & Nagar Haveli');
INSERT INTO state (id, code, name) VALUES (36, 21, 'Meghalaya');
INSERT INTO state (id, code, name) VALUES (37, 25, 'Puducherry');
INSERT INTO state (id, code, name) VALUES (38, 33, 'Chhattisgarh');
INSERT INTO tdsded80 (ded80id, dedsec, ded80name, ded80table, label1, label2, label3, label4, label5, label6, label7, label8, label9, label10, dedtype, pdedid, section, short, ind, indnr, huf, hufnr, firm, company, companynr, coop, sortid, ayid, ayid2) VALUES (1, '80C', 'Life Insurance/PPF/NSC/ELSS/Housing Loan Principal/Tuition Fee', NULL, 'Total Investment u/s 80C', '', '', '', '', '', '', '', '', '', 'CAP', 0, '80C', '80C', true, true, true, true, false, false, false, false, 1, 0, 0);
INSERT INTO tdsded80 (ded80id, dedsec, ded80name, ded80table, label1, label2, label3, label4, label5, label6, label7, label8, label9, label10, dedtype, pdedid, section, short, ind, indnr, huf, hufnr, firm, company, companynr, coop, sortid, ayid, ayid2) VALUES (2, '80D', 'Medical Insurance Premium', NULL, 'Self/Family Premium', 'Self/Family Premium (Sr.Citizen)', 'Parents Premium', 'Parents Premium (Sr.Citizen)', '', '', '', '', '', '', 'COMPLEX', 0, '80D', '80D', true, true, true, true, false, false, false, false, 2, 0, 0);
INSERT INTO tdsded80 (ded80id, dedsec, ded80name, ded80table, label1, label2, label3, label4, label5, label6, label7, label8, label9, label10, dedtype, pdedid, section, short, ind, indnr, huf, hufnr, firm, company, companynr, coop, sortid, ayid, ayid2) VALUES (3, '80DD', 'Maintenance of Disabled Dependent', NULL, 'Medical Expenditure', 'Insurance Premium', '', '', '', '', '', '', '', '', 'FIXED', 0, '80DD', '80DD', true, true, false, false, false, false, false, false, 3, 0, 0);
INSERT INTO tdsded80 (ded80id, dedsec, ded80name, ded80table, label1, label2, label3, label4, label5, label6, label7, label8, label9, label10, dedtype, pdedid, section, short, ind, indnr, huf, hufnr, firm, company, companynr, coop, sortid, ayid, ayid2) VALUES (4, '80E', 'Interest on Education Loan', NULL, 'Interest Amount Paid', '', '', '', '', '', '', '', '', '', 'FULL', 0, '80E', '80E', true, false, false, false, false, false, false, false, 4, 0, 0);
INSERT INTO tdsded80 (ded80id, dedsec, ded80name, ded80table, label1, label2, label3, label4, label5, label6, label7, label8, label9, label10, dedtype, pdedid, section, short, ind, indnr, huf, hufnr, firm, company, companynr, coop, sortid, ayid, ayid2) VALUES (5, '80GG', 'Rent Paid (No HRA received)', NULL, 'Rent Paid', '', '', '', '', '', '', '', '', '', 'COMPLEX', 0, '80GG', '80GG', true, true, false, false, false, false, false, false, 5, 0, 0);
INSERT INTO tdsded80 (ded80id, dedsec, ded80name, ded80table, label1, label2, label3, label4, label5, label6, label7, label8, label9, label10, dedtype, pdedid, section, short, ind, indnr, huf, hufnr, firm, company, companynr, coop, sortid, ayid, ayid2) VALUES (6, '80DDB', 'Medical Treatment of Specified Disease', NULL, 'Medical Expenditure', 'Insurance Reimbursement', '', '', '', '', '', '', '', '', 'FIXED', 0, '80DDB', '80DDB', true, true, true, true, false, false, false, false, 6, 0, 0);
INSERT INTO tdsded80 (ded80id, dedsec, ded80name, ded80table, label1, label2, label3, label4, label5, label6, label7, label8, label9, label10, dedtype, pdedid, section, short, ind, indnr, huf, hufnr, firm, company, companynr, coop, sortid, ayid, ayid2) VALUES (7, '80CCC', 'Pension Fund Contribution', NULL, 'Contribution Amount', '', '', '', '', '', '', '', '', '', 'CAP', 0, '80CCC', '80CCC', true, false, false, false, false, false, false, false, 7, 0, 0);
INSERT INTO tdsded80 (ded80id, dedsec, ded80name, ded80table, label1, label2, label3, label4, label5, label6, label7, label8, label9, label10, dedtype, pdedid, section, short, ind, indnr, huf, hufnr, firm, company, companynr, coop, sortid, ayid, ayid2) VALUES (8, '80CCD', 'NPS Contribution (Employee)', NULL, 'Employee Contribution', 'Employer Contribution', '', '', '', '', '', '', '', '', 'CAP', 0, '80CCD', '80CCD', true, false, false, false, false, false, false, false, 8, 0, 0);
INSERT INTO tdsded80 (ded80id, dedsec, ded80name, ded80table, label1, label2, label3, label4, label5, label6, label7, label8, label9, label10, dedtype, pdedid, section, short, ind, indnr, huf, hufnr, firm, company, companynr, coop, sortid, ayid, ayid2) VALUES (9, '80CCF', 'Infrastructure Bond', NULL, 'Investment Amount', '', '', '', '', '', '', '', '', '', 'CAP', 0, '80CCF', '80CCF', true, true, true, true, false, false, false, false, 9, 0, 0);
INSERT INTO tdsded80 (ded80id, dedsec, ded80name, ded80table, label1, label2, label3, label4, label5, label6, label7, label8, label9, label10, dedtype, pdedid, section, short, ind, indnr, huf, hufnr, firm, company, companynr, coop, sortid, ayid, ayid2) VALUES (10, '80G', 'Donations to Charitable Institutions', NULL, '100% Deduction (Govt)', '50% Deduction', '10% of GTI Deduction (100%)', '10% of GTI Deduction (50%)', '', '', '', '', '', '', 'COMPLEX', 0, '80G', '80G', true, true, true, true, true, true, true, true, 10, 0, 0);
INSERT INTO tdsded80 (ded80id, dedsec, ded80name, ded80table, label1, label2, label3, label4, label5, label6, label7, label8, label9, label10, dedtype, pdedid, section, short, ind, indnr, huf, hufnr, firm, company, companynr, coop, sortid, ayid, ayid2) VALUES (11, '80GGA', 'Donation for Scientific Research', NULL, 'Donation Amount', '', '', '', '', '', '', '', '', '', 'FULL', 0, '80GGA', '80GGA', true, true, true, true, true, true, true, true, 11, 0, 0);
INSERT INTO tdsded80 (ded80id, dedsec, ded80name, ded80table, label1, label2, label3, label4, label5, label6, label7, label8, label9, label10, dedtype, pdedid, section, short, ind, indnr, huf, hufnr, firm, company, companynr, coop, sortid, ayid, ayid2) VALUES (12, '80GGC', 'Donation to Political Party', NULL, 'Donation Amount', '', '', '', '', '', '', '', '', '', 'FULL', 0, '80GGC', '80GGC', true, true, true, true, true, true, true, true, 12, 0, 0);
INSERT INTO tdsded80 (ded80id, dedsec, ded80name, ded80table, label1, label2, label3, label4, label5, label6, label7, label8, label9, label10, dedtype, pdedid, section, short, ind, indnr, huf, hufnr, firm, company, companynr, coop, sortid, ayid, ayid2) VALUES (13, '80TTA', 'Interest on Savings Account', NULL, 'Interest Amount', '', '', '', '', '', '', '', '', '', 'CAP', 0, '80TTA', '80TTA', true, true, true, true, false, false, false, false, 13, 0, 0);
INSERT INTO tdsded80 (ded80id, dedsec, ded80name, ded80table, label1, label2, label3, label4, label5, label6, label7, label8, label9, label10, dedtype, pdedid, section, short, ind, indnr, huf, hufnr, firm, company, companynr, coop, sortid, ayid, ayid2) VALUES (14, '80U', 'Disability of Self', NULL, 'Self Disability', 'Severe Disability', '', '', '', '', '', '', '', '', 'FIXED', 0, '80U', '80U', true, false, false, false, false, false, false, false, 14, 0, 0);
INSERT INTO tdsded80 (ded80id, dedsec, ded80name, ded80table, label1, label2, label3, label4, label5, label6, label7, label8, label9, label10, dedtype, pdedid, section, short, ind, indnr, huf, hufnr, firm, company, companynr, coop, sortid, ayid, ayid2) VALUES (15, '80EE', 'Interest on Housing Loan (First Time)', NULL, 'Interest Amount', '', '', '', '', '', '', '', '', '', 'CAP', 0, '80EE', '80EE', true, false, false, false, false, false, false, false, 15, 0, 0);
INSERT INTO tdsentriessection (section, paycode, name, "limit", formname, newsection) VALUES ('192', 21, 'SALARY', 0, '24Q', '392');
INSERT INTO tdsentriessection (section, paycode, name, "limit", formname, newsection) VALUES ('192A', 57, 'Payment to resident u/s 192A', 50000, '26Q', '392(7)');
INSERT INTO tdsentriessection (section, paycode, name, "limit", formname, newsection) VALUES ('193', 1, 'INTEREST ON SECURITIES', 10000, '26Q', '393(1) [Sl.No.5(i)]');
INSERT INTO tdsentriessection (section, paycode, name, "limit", formname, newsection) VALUES ('194', 58, 'Payment to resident u/s 194', 10000, '26Q', '393(1) [Sl.No.7]');
INSERT INTO tdsentriessection (section, paycode, name, "limit", formname, newsection) VALUES ('194A', 6, 'INTEREST OTHER THAN INTEREST ON SECURITIES', 10000, '26Q', '393(1) [Sl.No.5(iii)]');
INSERT INTO tdsentriessection (section, paycode, name, "limit", formname, newsection) VALUES ('194B', 14, 'WINNING FROM LOTTERIES', 10000, '26Q', '393(3) [Sl.No.1]');
INSERT INTO tdsentriessection (section, paycode, name, "limit", formname, newsection) VALUES ('194C', 2, 'PAYMENT MADE TO CONTRACTORS', 30000, '26Q', '393(1) [Sl.No.6(i).D(a)/D(b)]');
INSERT INTO tdsentriessection (section, paycode, name, "limit", formname, newsection) VALUES ('194C', 3, 'PAYMENT MADE TO ADVERTISING CONTRACTORS', 30000, '26Q', '393(1) [Sl.No.6(i).D(a)/D(b)]');
INSERT INTO tdsentriessection (section, paycode, name, "limit", formname, newsection) VALUES ('194C', 4, 'PAYMENT MADE TO SUB CONTRACTORS', 30000, '26Q', '393(1) [Sl.No.6(i).D(a)/D(b)]');
INSERT INTO tdsentriessection (section, paycode, name, "limit", formname, newsection) VALUES ('194D', 9, 'INSURANCE COMMISSION', 20000, '26Q', '393(1) [Sl.No.1(i)]');
INSERT INTO tdsentriessection (section, paycode, name, "limit", formname, newsection) VALUES ('194DA', 52, 'Payment in respect of life insurance policy', 100000, '26Q', '393(1) [Sl.No.8(i)]');
INSERT INTO tdsentriessection (section, paycode, name, "limit", formname, newsection) VALUES ('194E', 99, 'Payment to NRI u/s194E', 0, '26Q', '393(1) [Sl.No.7]');
INSERT INTO tdsentriessection (section, paycode, name, "limit", formname, newsection) VALUES ('194EE', 22, 'NSS', 2500, '26Q', '393(3) [Sl.No.6]');
INSERT INTO tdsentriessection (section, paycode, name, "limit", formname, newsection) VALUES ('194G', 23, 'COMMISSION ON SALE OF LOTTERY TICKETS', 20000, '26Q', '393(3) [Sl.No.4]');
INSERT INTO tdsentriessection (section, paycode, name, "limit", formname, newsection) VALUES ('194H', 10, 'COMMISSION OR BROKERAGE', 20000, '26Q', '393(1) [Sl.No.1(ii)]');
INSERT INTO tdsentriessection (section, paycode, name, "limit", formname, newsection) VALUES ('194I', 5, 'RENT', 120000, '26Q', '393(1) [Sl.No.2(ii).D(a)/D(b)]');
INSERT INTO tdsentriessection (section, paycode, name, "limit", formname, newsection) VALUES ('194IA', 60, 'Payment u/s 194IA', 0, '26Q', '(393(1)[Sl.No.3(i)])');
INSERT INTO tdsentriessection (section, paycode, name, "limit", formname, newsection) VALUES ('194IC', 61, 'Payment u/s 194IC', 0, '26Q', '(393(1)[Sl.No.3(ii)])');
INSERT INTO tdsentriessection (section, paycode, name, "limit", formname, newsection) VALUES ('194J', 8, 'FEES FOR PROFEESIONAL / TECH. SERVICES', 50000, '26Q', '393(1) [Sl.No.6(iii).D(a)/D(b)]');
INSERT INTO tdsentriessection (section, paycode, name, "limit", formname, newsection) VALUES ('194LA', 40, 'Compensation on Acquisition of Immovable Properties', 500000, '26Q', '393(1) [Sl.No.3(iii)]');
INSERT INTO tdsentriessection (section, paycode, name, "limit", formname, newsection) VALUES ('194LAA', 41, 'Transfer on Immovable Property', 0, '26Q', '393(1)[Sl.7]');
INSERT INTO tdsentriessection (section, paycode, name, "limit", formname, newsection) VALUES ('194LB', 50, 'Payment to NRI u/s 194LB', 0, '26Q', '393(2) [Sl.No.5]');
INSERT INTO tdsentriessection (section, paycode, name, "limit", formname, newsection) VALUES ('194LBA', 53, 'Payment of the nature referred to in section 10(23FC)', 0, '26Q', '393(1) [Sl.No.4(ii)]');
INSERT INTO tdsentriessection (section, paycode, name, "limit", formname, newsection) VALUES ('194LBA', 54, 'Payment of the nature referred to in section 10(23FC)', 0, '26Q', '393(2) [Sl.No.6 and 7]');
INSERT INTO tdsentriessection (section, paycode, name, "limit", formname, newsection) VALUES ('194LBB', 55, 'Payment to non-resident u/s 194LBB', 0, '26Q', '393(2) [Sl.No.8]');
INSERT INTO tdsentriessection (section, paycode, name, "limit", formname, newsection) VALUES ('194LBB', 56, 'Payment to resident u/s 194LBB', 0, '26Q', '393(1) [Sl.No.4(iii)]');
INSERT INTO tdsentriessection (section, paycode, name, "limit", formname, newsection) VALUES ('194LC', 51, 'Payment to NRI u/s 194LC', 0, '26Q', '393(2) [Sl.No.2,3 and 4]');
INSERT INTO tdsentriessection (section, paycode, name, "limit", formname, newsection) VALUES ('194LD', 62, 'Payment to resident u/s 194LD', 0, '26Q', '393(2)');
INSERT INTO tdsentriessection (section, paycode, name, "limit", formname, newsection) VALUES ('194N', 63, 'Payment u/s 194N', 0, '26Q', '393(3) [Sl.No.5D(b)]');
INSERT INTO tdsentriessection (section, paycode, name, "limit", formname, newsection) VALUES ('194O', 67, 'TDS on E-commerce transactions', 0, '26Q', '393(1) [Sl.No.8(v)]');
INSERT INTO tdsentriessection (section, paycode, name, "limit", formname, newsection) VALUES ('194Q', 70, 'TDS on purchase of goods u/s 194Q', 0, '26Q', '393(1) [Sl.No.8(ii)]');
INSERT INTO tdsentriessection (section, paycode, name, "limit", formname, newsection) VALUES ('195', 11, 'NRI INTT. ON FORIEGN LOAN', 0, '27Q', '393(2) [Sl.No.17]');
INSERT INTO tdsentriessection (section, paycode, name, "limit", formname, newsection) VALUES ('195', 12, 'NRI LTC GAIN FOREIGNER', 0, '27Q', '393(2) [Sl.No.17]');
INSERT INTO tdsentriessection (section, paycode, name, "limit", formname, newsection) VALUES ('195', 13, 'NRI ANY OTHER INCOME', 0, '27Q', '393(2) [Sl.No.17]');
INSERT INTO tdsentriessection (section, paycode, name, "limit", formname, newsection) VALUES ('196C', 65, 'Payment to NRI u/s 196C', 0, '27Q', '393(2) [Sl.No.13 and 14]');
INSERT INTO tdsentriessection (section, paycode, name, "limit", formname, newsection) VALUES ('196D', 66, 'Payment to NRI u/s 196D', 0, '27Q', '393(2) [Sl.No.15 and 16]');
INSERT INTO tdsentriessection (section, paycode, name, "limit", formname, newsection) VALUES ('206C', 30, 'TCS - Sale of Alcholic Liquor', 0, '27EQ', '394(1) [Table: Sl. No. 1]');
INSERT INTO tdsentriessection (section, paycode, name, "limit", formname, newsection) VALUES ('206C', 31, 'TCS - Sale of Timber under Forest Lease', 0, '27EQ', '394(1) [Table: Sl. No. 3]');
INSERT INTO tdsentriessection (section, paycode, name, "limit", formname, newsection) VALUES ('206C', 32, 'TCS - Sale of Timber other than Forest Lease', 0, '27EQ', '394(1) [Table: Sl. No. 3]');
INSERT INTO tdsentriessection (section, paycode, name, "limit", formname, newsection) VALUES ('206C', 33, 'TCS - Sale of Forest Produce', 0, '27EQ', '394(1) [Table: Sl. No. 3]');
INSERT INTO tdsentriessection (section, paycode, name, "limit", formname, newsection) VALUES ('206C', 34, 'TCS - Sale of Scrap', 0, '27EQ', '394(1) [Table: Sl. No. 4]');
INSERT INTO tdsentriessection (section, paycode, name, "limit", formname, newsection) VALUES ('206C', 35, 'TCS - Mining', 0, '27EQ', '394(1) [Table: Sl. No. 9]');
INSERT INTO tdsentriessection (section, paycode, name, "limit", formname, newsection) VALUES ('206C', 37, 'TCS - Toll Plaza', 0, '27EQ', '394(1) [Table: Sl. No. 9]');
INSERT INTO tdsentriessection (section, paycode, name, "limit", formname, newsection) VALUES ('206C', 38, 'TCS - Car Parking', 0, '27EQ', '394(1) [Table: Sl. No. 9]');
INSERT INTO tdsentriessection (section, paycode, name, "limit", formname, newsection) VALUES ('206C', 42, 'TCS - Sale of Coal, Lignite and Iron', 0, '27EQ', '394(1) [Table: Sl. No. 5]');
INSERT INTO tdsentriessection (section, paycode, name, "limit", formname, newsection) VALUES ('206C', 43, 'TCS - Sale of Bullion and jewellery', 0, '27EQ', NULL);
INSERT INTO tdsentriessection (section, paycode, name, "limit", formname, newsection) VALUES ('206C', 44, 'TCS - Sale of Motor Vehciles', 0, '27EQ', '394(1) [Table: Sl. No. 6(a)]');
INSERT INTO tdsentriessection (section, paycode, name, "limit", formname, newsection) VALUES ('206C', 45, 'TCS- Sale of Goods > 2 lacs', 0, '27EQ', NULL);
INSERT INTO tdsentriessection (section, paycode, name, "limit", formname, newsection) VALUES ('206C', 46, 'Providing of any services (other than Ch-XVII-B) > 2lac', 0, '27EQ', NULL);
INSERT INTO tdsentriessection (section, paycode, name, "limit", formname, newsection) VALUES ('206C', 48, 'Sale of Good > 50 lacs', 0, '27EQ', NULL);
INSERT INTO tdsentriessection (section, paycode, name, "limit", formname, newsection) VALUES ('206C', 49, 'LRS for purpose other than for purchase of overseas tour package or for educational loan taken from financial institution', 0, '27EQ', NULL);
INSERT INTO tdsentriessection (section, paycode, name, "limit", formname, newsection) VALUES ('206C', 81, 'LRS for purpose for purchase of overseas tour package', 0, '27EQ', NULL);
INSERT INTO tdsentriessection (section, paycode, name, "limit", formname, newsection) VALUES ('194R', 71, 'Payment u/s 194R', 20000, '26Q', '393(1) [Sl.No.8(iv)]');
INSERT INTO tdsentriessection (section, paycode, name, "limit", formname, newsection) VALUES ('194S', 72, 'Payment u/s 194S', 10000, '26Q', '393(1) [Sl.No.8(vi)]');
INSERT INTO tdsentriessection (section, paycode, name, "limit", formname, newsection) VALUES ('194T', 75, 'Payment u/s 194T', 20000, '26Q', '393(3) [Sl.No.7]');
INSERT INTO tdsentriessection (section, paycode, name, "limit", formname, newsection) VALUES ('194B-P', 76, 'Winnings from lottery (consideration in kind or cash insufficient)', 0, '26Q', NULL);
INSERT INTO tdsentriessection (section, paycode, name, "limit", formname, newsection) VALUES ('194BB', 77, 'Payment u/s 194BB', 0, '26Q', NULL);
INSERT INTO tdsentriessection (section, paycode, name, "limit", formname, newsection) VALUES ('194F', 78, 'Payment u/s 194F', 0, '26Q', NULL);
INSERT INTO tdsentriessection (section, paycode, name, "limit", formname, newsection) VALUES ('194I(a)', 79, 'RENT - Plant and Machinery', 120000, '26Q', '393(1)[Sl. No.2(ii)D(a)]');
INSERT INTO tdsentriessection (section, paycode, name, "limit", formname, newsection) VALUES ('194I(b)', 80, 'RENT - Land, Building or Furniture/Fittings', 120000, '26Q', '393(1)[Sl. No.2(ii)D(b)]');
INSERT INTO tdsentriessection (section, paycode, name, "limit", formname, newsection) VALUES ('194LBC', 82, 'Income in respect of investment in securitization trust', 0, '26Q', NULL);
INSERT INTO tdsentriessection (section, paycode, name, "limit", formname, newsection) VALUES ('194K', 83, 'Income From Mutual Fund Units', 0, '26Q', NULL);
INSERT INTO tdsentriessection (section, paycode, name, "limit", formname, newsection) VALUES ('194J(a)', 84, 'Fees for Technical Services (not professional), royalty, call centre @2%', 50000, '26Q', '393(1)[Sl. No.6(iii)D(a)]');
INSERT INTO tdsentriessection (section, paycode, name, "limit", formname, newsection) VALUES ('194J(b)', 85, 'Fee for professional service or royalty @10%', 50000, '26Q', '393(1)[Sl. No.6(iii)D(b)]');
INSERT INTO tdsentriessection (section, paycode, name, "limit", formname, newsection) VALUES ('194LBA(a)', 86, 'Interest from units of a business trust to resident unit holder', 0, '26Q', NULL);
INSERT INTO tdsentriessection (section, paycode, name, "limit", formname, newsection) VALUES ('194LBA(b)', 87, 'Dividend from units of a business trust to resident unit holder', 0, '26Q', NULL);
INSERT INTO tdsentriessection (section, paycode, name, "limit", formname, newsection) VALUES ('194NF', 88, 'Payment in cash to non-filers (except co-operative societies)', 0, '26Q', NULL);
INSERT INTO tdsentriessection (section, paycode, name, "limit", formname, newsection) VALUES ('194RP', 89, 'Benefits or perquisites (benefit in kind or cash insufficient)', 0, '26Q', NULL);
INSERT INTO tdsentriessection (section, paycode, name, "limit", formname, newsection) VALUES ('194SP', 90, 'Payment for transfer of VDA (in kind or in exchange)', 0, '26Q', NULL);
INSERT INTO tdsentriessection (section, paycode, name, "limit", formname, newsection) VALUES ('194BA', 91, 'Winnings from online games', 0, '26Q', '394');
INSERT INTO tdsentriessection (section, paycode, name, "limit", formname, newsection) VALUES ('194BA-P', 92, 'Net Winnings from online games (in kind or cash insufficient)', 0, '26Q', NULL);
INSERT INTO tdsentriessection (section, paycode, name, "limit", formname, newsection) VALUES ('194NC', 93, 'Payment in cash to co-operative societies', 0, '26Q', NULL);
INSERT INTO tdsentriessection (section, paycode, name, "limit", formname, newsection) VALUES ('194N-FT', 94, 'Payment in cash to non-filers being co-operative societies', 0, '26Q', NULL);
INSERT INTO tdsentriessection (section, paycode, name, "limit", formname, newsection) VALUES ('196A', 95, 'Payment to NRI u/s 196A', 0, '27Q', NULL);
INSERT INTO tdsentriessection (section, paycode, name, "limit", formname, newsection) VALUES ('196B', 96, 'Payment to NRI u/s 196B', 0, '27Q', NULL);
INSERT INTO tdsentriessection (section, paycode, name, "limit", formname, newsection) VALUES ('194LC1', 97, 'Income under clause (i) and (ia) of sub-section (2) of section 194LC', 0, '27Q', NULL);
INSERT INTO tdsentriessection (section, paycode, name, "limit", formname, newsection) VALUES ('194LC2', 98, 'Income under clause (ib) of sub-section (2) of section 194LC', 0, '27Q', NULL);
INSERT INTO tdsentriessection (section, paycode, name, "limit", formname, newsection) VALUES ('194LC3', 99, 'Income under clause (ic) of sub-section (2) of section 194LC', 0, '27Q', '393(1) [Sl.No.7]');
INSERT INTO tdsentriessection (section, paycode, name, "limit", formname, newsection) VALUES ('194LBA(c)', 100, 'Income referred to in section 10(23FCA) from units of a business trust', 0, '27Q', NULL);
INSERT INTO tdsentriessection (section, paycode, name, "limit", formname, newsection) VALUES ('196D(1A)', 101, 'Income of specified fund from securities u/s 115AD (other than interest u/s 194LD)', 0, '27Q', NULL);
INSERT INTO tdsnature (particular, code) VALUES ('Select', 0);
INSERT INTO tdsnature (particular, code) VALUES ('ADVERTISEMENT FEE', 1);
INSERT INTO tdsnature (particular, code) VALUES ('AMC CHARGES', 2);
INSERT INTO tdsnature (particular, code) VALUES ('ARCHITECTURAL SERVICES', 3);
INSERT INTO tdsnature (particular, code) VALUES ('BANDWIDTH CHARGES', 4);
INSERT INTO tdsnature (particular, code) VALUES ('BROKEREAGE CHARGES', 5);
INSERT INTO tdsnature (particular, code) VALUES ('BUSINESS INCOME OTHER THAN THAT COVERED BY CATEGORIES ABOVE', 6);
INSERT INTO tdsnature (particular, code) VALUES ('CARGO HANDLING SERVICES INSPECTION & LOGISTICS SERVICES', 7);
INSERT INTO tdsnature (particular, code) VALUES ('CELLULAR ROAMING CHARGES', 8);
INSERT INTO tdsnature (particular, code) VALUES ('CHARTER HIRE CHARGES (SHIPPING)', 9);
INSERT INTO tdsnature (particular, code) VALUES ('CLEARING & FORWARDING CHARGES', 10);
INSERT INTO tdsnature (particular, code) VALUES ('COMMISSION', 11);
INSERT INTO tdsnature (particular, code) VALUES ('COMMUNICATION CHARGES', 12);
INSERT INTO tdsnature (particular, code) VALUES ('CONSULTING SERVICES', 13);
INSERT INTO tdsnature (particular, code) VALUES ('DESIGNING FEE', 14);
INSERT INTO tdsnature (particular, code) VALUES ('DIRECTORS FEES', 15);
INSERT INTO tdsnature (particular, code) VALUES ('DIVIDEND', 16);
INSERT INTO tdsnature (particular, code) VALUES ('DRILLING', 17);
INSERT INTO tdsnature (particular, code) VALUES ('ENGINEERING SERVICES', 18);
INSERT INTO tdsnature (particular, code) VALUES ('EQUIPMENT RENTAL CHARGES', 19);
INSERT INTO tdsnature (particular, code) VALUES ('FABRICATION SERVICES', 20);
INSERT INTO tdsnature (particular, code) VALUES ('FEES FOR TECHNICAL SERVICES/ FEES FOR INCLUDED SERVICES', 21);
INSERT INTO tdsnature (particular, code) VALUES ('FREIGHT CHARGES', 22);
INSERT INTO tdsnature (particular, code) VALUES ('INCOME FROM IMMOVEABLE PROPERTY', 23);
INSERT INTO tdsnature (particular, code) VALUES ('INCOME FROM SHIPPING, INLAND WATERWAYS OR AIR TRANSPORT', 24);
INSERT INTO tdsnature (particular, code) VALUES ('INSTALLATION & COMMISSIONING SERVICES', 25);
INSERT INTO tdsnature (particular, code) VALUES ('INSURANCE COMMISSIONS', 26);
INSERT INTO tdsnature (particular, code) VALUES ('INTEREST PAYMENT', 27);
INSERT INTO tdsnature (particular, code) VALUES ('INVESTMENT INCOME', 28);
INSERT INTO tdsnature (particular, code) VALUES ('LEASE PAYMENT', 29);
INSERT INTO tdsnature (particular, code) VALUES ('LICENSING FEE', 30);
INSERT INTO tdsnature (particular, code) VALUES ('LONG TERM CAPITAL GAINS', 31);
INSERT INTO tdsnature (particular, code) VALUES ('MEMBERSHIP FEE', 32);
INSERT INTO tdsnature (particular, code) VALUES ('MOBILESTATION CHARGES', 33);
INSERT INTO tdsnature (particular, code) VALUES ('PAYMENTS FOR SOFTWARE BUNDLED WITH HARDWARE', 34);
INSERT INTO tdsnature (particular, code) VALUES ('PAYMENTS FOR SOFTWARE BUNDLED WITH HARDWARE?', 35);
INSERT INTO tdsnature (particular, code) VALUES ('PAYMENTS TO PROFESSORS, TEACHERS OR RESEARCH SCHOLARS', 36);
INSERT INTO tdsnature (particular, code) VALUES ('PAYMENTS TO SPORTS PERSON & ARTISTS', 37);
INSERT INTO tdsnature (particular, code) VALUES ('PAYMENTS TO STUDENTS OR BUSINESS APPRENTICE', 38);
INSERT INTO tdsnature (particular, code) VALUES ('PENSIONS(OTHER THAN THOSE RELATED TO PAST EMPLOYMENT)', 39);
INSERT INTO tdsnature (particular, code) VALUES ('PROCESSING CHARGES', 40);
INSERT INTO tdsnature (particular, code) VALUES ('PROFESSIONAL SERVICES', 41);
INSERT INTO tdsnature (particular, code) VALUES ('PURCHASE OF SOFTWARE', 42);
INSERT INTO tdsnature (particular, code) VALUES ('R&D CHARGES', 43);
INSERT INTO tdsnature (particular, code) VALUES ('REGISTRATION CHARGES', 44);
INSERT INTO tdsnature (particular, code) VALUES ('REIMBURSEMENT OF EXPENSES', 45);
INSERT INTO tdsnature (particular, code) VALUES ('REPATRIATION OF SURPLUS FUNDS', 46);
INSERT INTO tdsnature (particular, code) VALUES ('RETAINERSHIP FEES', 47);
INSERT INTO tdsnature (particular, code) VALUES ('RETENTION FEES', 48);
INSERT INTO tdsnature (particular, code) VALUES ('ROYALTY', 49);
INSERT INTO tdsnature (particular, code) VALUES ('SALES AND MARKETING SERVICES', 50);
INSERT INTO tdsnature (particular, code) VALUES ('SEISMIC DATA PROCESSING', 51);
INSERT INTO tdsnature (particular, code) VALUES ('SHORT TERM CAPITAL GAINS', 52);
INSERT INTO tdsnature (particular, code) VALUES ('SOFTWARE LICENCES', 53);
INSERT INTO tdsnature (particular, code) VALUES ('SPONSORSHIP FEES', 54);
INSERT INTO tdsnature (particular, code) VALUES ('SUBSCRIPTION FEES', 55);
INSERT INTO tdsnature (particular, code) VALUES ('SUPERVISION CHARGES', 56);
INSERT INTO tdsnature (particular, code) VALUES ('SURVEY FEES', 57);
INSERT INTO tdsnature (particular, code) VALUES ('TELECASTING SERVICES', 58);
INSERT INTO tdsnature (particular, code) VALUES ('TENDER FEES', 59);
INSERT INTO tdsnature (particular, code) VALUES ('TESTING CHARGES', 60);
INSERT INTO tdsnature (particular, code) VALUES ('TRAINING', 61);
INSERT INTO tdsnature (particular, code) VALUES ('WARRANTY SERVICES', 62);
INSERT INTO tdsnature (particular, code) VALUES ('WINNING FROM HORSE RACES.', 63);
INSERT INTO tdsnature (particular, code) VALUES ('WINNING FROM LOTTERIES, CROSSWORD PUZZLES, CARD GAMES AND OTHER GAMES OF ANY SORT.', 64);
INSERT INTO tdsnature (particular, code) VALUES ('CONSULAR RECEIPTS', 65);
INSERT INTO tdsnature (particular, code) VALUES ('OTHER INCOME / OTHER (NOT IN THE NATURE OF INCOME)', 99);
INSERT INTO tdsrate (ayid, tsid, paycode, rate, surch, "limit") VALUES (25, 1, 2, CAST(2.00 AS Numeric(5, 2)), CAST(2.50 AS Numeric(5, 2)), 0);
INSERT INTO tdsrate (ayid, tsid, paycode, rate, surch, "limit") VALUES (25, 1, 3, CAST(1.00 AS Numeric(5, 2)), CAST(2.50 AS Numeric(5, 2)), 0);
INSERT INTO tdsrate (ayid, tsid, paycode, rate, surch, "limit") VALUES (25, 1, 4, CAST(1.00 AS Numeric(5, 2)), CAST(2.50 AS Numeric(5, 2)), 0);
INSERT INTO tdsrate (ayid, tsid, paycode, rate, surch, "limit") VALUES (25, 2, 2, CAST(2.00 AS Numeric(5, 2)), CAST(10.00 AS Numeric(5, 2)), 0);
INSERT INTO tdsrate (ayid, tsid, paycode, rate, surch, "limit") VALUES (25, 2, 3, CAST(1.00 AS Numeric(5, 2)), CAST(10.00 AS Numeric(5, 2)), 0);
INSERT INTO tdsrate (ayid, tsid, paycode, rate, surch, "limit") VALUES (25, 2, 4, CAST(1.00 AS Numeric(5, 2)), CAST(10.00 AS Numeric(5, 2)), 0);
INSERT INTO tdsrate (ayid, tsid, paycode, rate, surch, "limit") VALUES (25, 1, 5, CAST(10.00 AS Numeric(5, 2)), CAST(2.50 AS Numeric(5, 2)), 0);
INSERT INTO tdsrate (ayid, tsid, paycode, rate, surch, "limit") VALUES (25, 2, 5, CAST(10.00 AS Numeric(5, 2)), CAST(10.00 AS Numeric(5, 2)), 0);
INSERT INTO tdsrate (ayid, tsid, paycode, rate, surch, "limit") VALUES (25, 1, 6, CAST(10.00 AS Numeric(5, 2)), CAST(2.50 AS Numeric(5, 2)), 0);
INSERT INTO tdsrate (ayid, tsid, paycode, rate, surch, "limit") VALUES (25, 2, 6, CAST(10.00 AS Numeric(5, 2)), CAST(10.00 AS Numeric(5, 2)), 0);
INSERT INTO tdsrate (ayid, tsid, paycode, rate, surch, "limit") VALUES (25, 3, 11, CAST(20.00 AS Numeric(5, 2)), CAST(2.50 AS Numeric(5, 2)), 0);
INSERT INTO tdsrate (ayid, tsid, paycode, rate, surch, "limit") VALUES (25, 4, 11, CAST(20.00 AS Numeric(5, 2)), CAST(2.50 AS Numeric(5, 2)), 0);
INSERT INTO tdsrate (ayid, tsid, paycode, rate, surch, "limit") VALUES (25, 1, 8, CAST(10.00 AS Numeric(5, 2)), CAST(2.50 AS Numeric(5, 2)), 0);
INSERT INTO tdsrate (ayid, tsid, paycode, rate, surch, "limit") VALUES (25, 2, 8, CAST(10.00 AS Numeric(5, 2)), CAST(10.00 AS Numeric(5, 2)), 0);
INSERT INTO tdsrate (ayid, tsid, paycode, rate, surch, "limit") VALUES (25, 3, 12, CAST(20.00 AS Numeric(5, 2)), CAST(2.50 AS Numeric(5, 2)), 0);
INSERT INTO tdsrate (ayid, tsid, paycode, rate, surch, "limit") VALUES (25, 4, 12, CAST(20.00 AS Numeric(5, 2)), CAST(2.50 AS Numeric(5, 2)), 0);
INSERT INTO tdsrate (ayid, tsid, paycode, rate, surch, "limit") VALUES (25, 3, 13, CAST(30.00 AS Numeric(5, 2)), CAST(2.50 AS Numeric(5, 2)), 0);
INSERT INTO tdsrate (ayid, tsid, paycode, rate, surch, "limit") VALUES (25, 4, 13, CAST(40.00 AS Numeric(5, 2)), CAST(2.50 AS Numeric(5, 2)), 0);
INSERT INTO tdsrate (ayid, tsid, paycode, rate, surch, "limit") VALUES (25, 1, 9, CAST(2.00 AS Numeric(5, 2)), CAST(0.00 AS Numeric(5, 2)), 0);
INSERT INTO tdsrate (ayid, tsid, paycode, rate, surch, "limit") VALUES (25, 1, 14, CAST(30.00 AS Numeric(5, 2)), CAST(2.50 AS Numeric(5, 2)), 0);
INSERT INTO tdsrate (ayid, tsid, paycode, rate, surch, "limit") VALUES (25, 1, 15, CAST(30.00 AS Numeric(5, 2)), CAST(2.50 AS Numeric(5, 2)), 0);
INSERT INTO tdsrate (ayid, tsid, paycode, rate, surch, "limit") VALUES (25, 1, 16, CAST(20.00 AS Numeric(5, 2)), CAST(2.50 AS Numeric(5, 2)), 0);
INSERT INTO tdsrate (ayid, tsid, paycode, rate, surch, "limit") VALUES (25, 1, 17, CAST(20.00 AS Numeric(5, 2)), CAST(2.50 AS Numeric(5, 2)), 0);
INSERT INTO tdsrate (ayid, tsid, paycode, rate, surch, "limit") VALUES (25, 1, 18, CAST(20.00 AS Numeric(5, 2)), CAST(2.50 AS Numeric(5, 2)), 0);
INSERT INTO tdsrate (ayid, tsid, paycode, rate, surch, "limit") VALUES (25, 1, 10, CAST(2.00 AS Numeric(5, 2)), CAST(2.50 AS Numeric(5, 2)), 0);
INSERT INTO tdsrate (ayid, tsid, paycode, rate, surch, "limit") VALUES (25, 1, 20, CAST(20.00 AS Numeric(5, 2)), CAST(2.50 AS Numeric(5, 2)), 0);
INSERT INTO tdsrate (ayid, tsid, paycode, rate, surch, "limit") VALUES (25, 2, 14, CAST(30.00 AS Numeric(5, 2)), CAST(10.00 AS Numeric(5, 2)), 0);
INSERT INTO tdsrate (ayid, tsid, paycode, rate, surch, "limit") VALUES (25, 2, 15, CAST(30.00 AS Numeric(5, 2)), CAST(10.00 AS Numeric(5, 2)), 0);
INSERT INTO tdsrate (ayid, tsid, paycode, rate, surch, "limit") VALUES (25, 2, 10, CAST(2.00 AS Numeric(5, 2)), CAST(10.00 AS Numeric(5, 2)), 0);
INSERT INTO tdsrate (ayid, tsid, paycode, rate, surch, "limit") VALUES (25, 2, 20, CAST(20.00 AS Numeric(5, 2)), CAST(10.00 AS Numeric(5, 2)), 0);
INSERT INTO tdsrate (ayid, tsid, paycode, rate, surch, "limit") VALUES (25, 4, 14, CAST(30.00 AS Numeric(5, 2)), CAST(0.00 AS Numeric(5, 2)), 0);
INSERT INTO tdsrate (ayid, tsid, paycode, rate, surch, "limit") VALUES (25, 4, 15, CAST(30.00 AS Numeric(5, 2)), CAST(0.00 AS Numeric(5, 2)), 0);
INSERT INTO tdsrate (ayid, tsid, paycode, rate, surch, "limit") VALUES (25, 4, 16, CAST(20.00 AS Numeric(5, 2)), CAST(0.00 AS Numeric(5, 2)), 0);
INSERT INTO tdsrate (ayid, tsid, paycode, rate, surch, "limit") VALUES (25, 4, 20, CAST(48.00 AS Numeric(5, 2)), CAST(0.00 AS Numeric(5, 2)), 0);
INSERT INTO tdsrate (ayid, tsid, paycode, rate, surch, "limit") VALUES (25, 4, 19, CAST(10.00 AS Numeric(5, 2)), CAST(0.00 AS Numeric(5, 2)), 0);
INSERT INTO tdsrate (ayid, tsid, paycode, rate, surch, "limit") VALUES (25, 2, 16, CAST(20.00 AS Numeric(5, 2)), CAST(10.00 AS Numeric(5, 2)), 0);
INSERT INTO tdsrate (ayid, tsid, paycode, rate, surch, "limit") VALUES (25, 3, 16, CAST(30.00 AS Numeric(5, 2)), CAST(2.50 AS Numeric(5, 2)), 0);
INSERT INTO tdsrate (ayid, tsid, paycode, rate, surch, "limit") VALUES (25, 3, 14, CAST(30.00 AS Numeric(5, 2)), CAST(2.50 AS Numeric(5, 2)), 0);
INSERT INTO tdsrate (ayid, tsid, paycode, rate, surch, "limit") VALUES (25, 3, 15, CAST(30.00 AS Numeric(5, 2)), CAST(2.50 AS Numeric(5, 2)), 0);
INSERT INTO tdsrate (ayid, tsid, paycode, rate, surch, "limit") VALUES (25, 3, 17, CAST(20.00 AS Numeric(5, 2)), CAST(2.50 AS Numeric(5, 2)), 0);
INSERT INTO tdsrate (ayid, tsid, paycode, rate, surch, "limit") VALUES (25, 3, 18, CAST(20.00 AS Numeric(5, 2)), CAST(2.50 AS Numeric(5, 2)), 0);
INSERT INTO tdsrate (ayid, tsid, paycode, rate, surch, "limit") VALUES (25, 3, 19, CAST(10.00 AS Numeric(5, 2)), CAST(2.50 AS Numeric(5, 2)), 0);
INSERT INTO tdsrate (ayid, tsid, paycode, rate, surch, "limit") VALUES (25, 2, 22, CAST(10.00 AS Numeric(5, 2)), CAST(10.00 AS Numeric(5, 2)), 0);
INSERT INTO tdsrate (ayid, tsid, paycode, rate, surch, "limit") VALUES (25, 4, 22, CAST(10.00 AS Numeric(5, 2)), CAST(2.50 AS Numeric(5, 2)), 0);
INSERT INTO tdsrate (ayid, tsid, paycode, rate, surch, "limit") VALUES (25, 1, 22, CAST(10.00 AS Numeric(5, 2)), CAST(2.50 AS Numeric(5, 2)), 0);
INSERT INTO tdsrate (ayid, tsid, paycode, rate, surch, "limit") VALUES (25, 3, 22, CAST(10.00 AS Numeric(5, 2)), CAST(2.50 AS Numeric(5, 2)), 0);
INSERT INTO tdsrate (ayid, tsid, paycode, rate, surch, "limit") VALUES (25, 5, 2, CAST(2.00 AS Numeric(5, 2)), CAST(2.50 AS Numeric(5, 2)), 0);
INSERT INTO tdsrate (ayid, tsid, paycode, rate, surch, "limit") VALUES (25, 5, 3, CAST(1.00 AS Numeric(5, 2)), CAST(2.50 AS Numeric(5, 2)), 0);
INSERT INTO tdsrate (ayid, tsid, paycode, rate, surch, "limit") VALUES (25, 5, 4, CAST(1.00 AS Numeric(5, 2)), CAST(2.50 AS Numeric(5, 2)), 0);
INSERT INTO tdsrate (ayid, tsid, paycode, rate, surch, "limit") VALUES (25, 5, 5, CAST(10.00 AS Numeric(5, 2)), CAST(10.00 AS Numeric(5, 2)), 0);
INSERT INTO tdsrate (ayid, tsid, paycode, rate, surch, "limit") VALUES (25, 5, 6, CAST(10.00 AS Numeric(5, 2)), CAST(2.50 AS Numeric(5, 2)), 0);
INSERT INTO tdsrate (ayid, tsid, paycode, rate, surch, "limit") VALUES (25, 5, 8, CAST(10.00 AS Numeric(5, 2)), CAST(2.50 AS Numeric(5, 2)), 0);
INSERT INTO tdsrate (ayid, tsid, paycode, rate, surch, "limit") VALUES (25, 2, 9, CAST(10.00 AS Numeric(5, 2)), CAST(0.00 AS Numeric(5, 2)), 0);
INSERT INTO tdsrate (ayid, tsid, paycode, rate, surch, "limit") VALUES (25, 5, 14, CAST(30.00 AS Numeric(5, 2)), CAST(2.50 AS Numeric(5, 2)), 0);
INSERT INTO tdsrate (ayid, tsid, paycode, rate, surch, "limit") VALUES (25, 5, 15, CAST(30.00 AS Numeric(5, 2)), CAST(2.50 AS Numeric(5, 2)), 0);
INSERT INTO tdsrate (ayid, tsid, paycode, rate, surch, "limit") VALUES (25, 5, 16, CAST(20.00 AS Numeric(5, 2)), CAST(2.50 AS Numeric(5, 2)), 0);
INSERT INTO tdsrate (ayid, tsid, paycode, rate, surch, "limit") VALUES (25, 5, 17, CAST(20.00 AS Numeric(5, 2)), CAST(2.50 AS Numeric(5, 2)), 0);
INSERT INTO tdsrate (ayid, tsid, paycode, rate, surch, "limit") VALUES (25, 5, 18, CAST(20.00 AS Numeric(5, 2)), CAST(2.50 AS Numeric(5, 2)), 0);
INSERT INTO tdsrate (ayid, tsid, paycode, rate, surch, "limit") VALUES (25, 5, 10, CAST(2.00 AS Numeric(5, 2)), CAST(2.50 AS Numeric(5, 2)), 0);
INSERT INTO tdsrate (ayid, tsid, paycode, rate, surch, "limit") VALUES (25, 5, 20, CAST(20.00 AS Numeric(5, 2)), CAST(2.50 AS Numeric(5, 2)), 0);
INSERT INTO tdsrate (ayid, tsid, paycode, rate, surch, "limit") VALUES (25, 5, 22, CAST(10.00 AS Numeric(5, 2)), CAST(2.50 AS Numeric(5, 2)), 0);
INSERT INTO tdsrate (ayid, tsid, paycode, rate, surch, "limit") VALUES (25, 2, 30, CAST(1.00 AS Numeric(5, 2)), CAST(10.00 AS Numeric(5, 2)), 0);
INSERT INTO tdsrate (ayid, tsid, paycode, rate, surch, "limit") VALUES (25, 2, 31, CAST(2.50 AS Numeric(5, 2)), CAST(10.00 AS Numeric(5, 2)), 0);
INSERT INTO tdsrate (ayid, tsid, paycode, rate, surch, "limit") VALUES (25, 2, 32, CAST(2.50 AS Numeric(5, 2)), CAST(10.00 AS Numeric(5, 2)), 0);
INSERT INTO tdsrate (ayid, tsid, paycode, rate, surch, "limit") VALUES (25, 2, 33, CAST(2.50 AS Numeric(5, 2)), CAST(10.00 AS Numeric(5, 2)), 0);
INSERT INTO tdsrate (ayid, tsid, paycode, rate, surch, "limit") VALUES (25, 2, 34, CAST(1.00 AS Numeric(5, 2)), CAST(10.00 AS Numeric(5, 2)), 0);
INSERT INTO tdsrate (ayid, tsid, paycode, rate, surch, "limit") VALUES (25, 1, 30, CAST(1.00 AS Numeric(5, 2)), CAST(2.50 AS Numeric(5, 2)), 0);
INSERT INTO tdsrate (ayid, tsid, paycode, rate, surch, "limit") VALUES (25, 1, 31, CAST(2.00 AS Numeric(5, 2)), CAST(2.00 AS Numeric(5, 2)), 0);
INSERT INTO tdsrate (ayid, tsid, paycode, rate, surch, "limit") VALUES (25, 1, 32, CAST(2.00 AS Numeric(5, 2)), CAST(2.00 AS Numeric(5, 2)), 0);
INSERT INTO tdsrate (ayid, tsid, paycode, rate, surch, "limit") VALUES (25, 1, 33, CAST(2.50 AS Numeric(5, 2)), CAST(2.50 AS Numeric(5, 2)), 0);
INSERT INTO tdsrate (ayid, tsid, paycode, rate, surch, "limit") VALUES (25, 1, 34, CAST(1.00 AS Numeric(5, 2)), CAST(2.50 AS Numeric(5, 2)), 0);
INSERT INTO tdsrate (ayid, tsid, paycode, rate, surch, "limit") VALUES (25, 1, 35, CAST(2.00 AS Numeric(5, 2)), CAST(2.50 AS Numeric(5, 2)), 0);
INSERT INTO tdsrate (ayid, tsid, paycode, rate, surch, "limit") VALUES (25, 1, 40, CAST(10.00 AS Numeric(5, 2)), CAST(2.50 AS Numeric(5, 2)), 0);
INSERT INTO tdsrate (ayid, tsid, paycode, rate, surch, "limit") VALUES (25, 2, 40, CAST(10.00 AS Numeric(5, 2)), CAST(10.00 AS Numeric(5, 2)), 0);
INSERT INTO tdsrate (ayid, tsid, paycode, rate, surch, "limit") VALUES (25, 5, 40, CAST(10.00 AS Numeric(5, 2)), CAST(2.50 AS Numeric(5, 2)), 0);
INSERT INTO tdsrate (ayid, tsid, paycode, rate, surch, "limit") VALUES (25, 1, 37, CAST(2.00 AS Numeric(5, 2)), CAST(2.50 AS Numeric(5, 2)), 0);
INSERT INTO tdsrate (ayid, tsid, paycode, rate, surch, "limit") VALUES (25, 1, 38, CAST(2.00 AS Numeric(5, 2)), CAST(2.50 AS Numeric(5, 2)), 0);
INSERT INTO tdsrate (ayid, tsid, paycode, rate, surch, "limit") VALUES (25, 1, 1, CAST(10.00 AS Numeric(5, 2)), CAST(2.50 AS Numeric(5, 2)), 0);
INSERT INTO tdsrate (ayid, tsid, paycode, rate, surch, "limit") VALUES (25, 2, 1, CAST(10.00 AS Numeric(5, 2)), CAST(10.00 AS Numeric(5, 2)), 0);
INSERT INTO tdsrate (ayid, tsid, paycode, rate, surch, "limit") VALUES (25, 5, 1, CAST(10.00 AS Numeric(5, 2)), CAST(2.50 AS Numeric(5, 2)), 0);
INSERT INTO tdsrate (ayid, tsid, paycode, rate, surch, "limit") VALUES (25, 2, 23, CAST(2.00 AS Numeric(5, 2)), CAST(10.00 AS Numeric(5, 2)), 0);
INSERT INTO tdsrate (ayid, tsid, paycode, rate, surch, "limit") VALUES (25, 4, 23, CAST(2.00 AS Numeric(5, 2)), CAST(2.50 AS Numeric(5, 2)), 0);
INSERT INTO tdsrate (ayid, tsid, paycode, rate, surch, "limit") VALUES (25, 1, 23, CAST(2.00 AS Numeric(5, 2)), CAST(2.50 AS Numeric(5, 2)), 0);
INSERT INTO tdsrate (ayid, tsid, paycode, rate, surch, "limit") VALUES (25, 3, 23, CAST(2.00 AS Numeric(5, 2)), CAST(2.50 AS Numeric(5, 2)), 0);
INSERT INTO tdsrate (ayid, tsid, paycode, rate, surch, "limit") VALUES (25, 5, 23, CAST(2.00 AS Numeric(5, 2)), CAST(2.50 AS Numeric(5, 2)), 0);
INSERT INTO tdsrate (ayid, tsid, paycode, rate, surch, "limit") VALUES (25, 1, 41, CAST(1.00 AS Numeric(5, 2)), CAST(0.00 AS Numeric(5, 2)), 0);
INSERT INTO tdsrate (ayid, tsid, paycode, rate, surch, "limit") VALUES (25, 2, 41, CAST(1.00 AS Numeric(5, 2)), CAST(0.00 AS Numeric(5, 2)), 0);
INSERT INTO tdsrate (ayid, tsid, paycode, rate, surch, "limit") VALUES (25, 5, 41, CAST(1.00 AS Numeric(5, 2)), CAST(0.00 AS Numeric(5, 2)), 0);
INSERT INTO tdsrate (ayid, tsid, paycode, rate, surch, "limit") VALUES (25, 1, 42, CAST(1.00 AS Numeric(5, 2)), CAST(0.00 AS Numeric(5, 2)), 0);
INSERT INTO tdsrate (ayid, tsid, paycode, rate, surch, "limit") VALUES (25, 2, 42, CAST(1.00 AS Numeric(5, 2)), CAST(0.00 AS Numeric(5, 2)), 0);
INSERT INTO tdsrate (ayid, tsid, paycode, rate, surch, "limit") VALUES (25, 5, 42, CAST(1.00 AS Numeric(5, 2)), CAST(0.00 AS Numeric(5, 2)), 0);
INSERT INTO tdsrate (ayid, tsid, paycode, rate, surch, "limit") VALUES (25, 1, 43, CAST(1.00 AS Numeric(5, 2)), CAST(0.00 AS Numeric(5, 2)), 0);
INSERT INTO tdsrate (ayid, tsid, paycode, rate, surch, "limit") VALUES (25, 2, 43, CAST(1.00 AS Numeric(5, 2)), CAST(0.00 AS Numeric(5, 2)), 0);
INSERT INTO tdsrate (ayid, tsid, paycode, rate, surch, "limit") VALUES (25, 5, 43, CAST(1.00 AS Numeric(5, 2)), CAST(0.00 AS Numeric(5, 2)), 0);
INSERT INTO tdsrate (ayid, tsid, paycode, rate, surch, "limit") VALUES (25, 3, 50, CAST(5.00 AS Numeric(5, 2)), CAST(0.00 AS Numeric(5, 2)), 0);
INSERT INTO tdsrate (ayid, tsid, paycode, rate, surch, "limit") VALUES (25, 4, 50, CAST(5.00 AS Numeric(5, 2)), CAST(2.00 AS Numeric(5, 2)), 0);
INSERT INTO tdsrate (ayid, tsid, paycode, rate, surch, "limit") VALUES (25, 3, 51, CAST(5.00 AS Numeric(5, 2)), CAST(0.00 AS Numeric(5, 2)), 0);
INSERT INTO tdsrate (ayid, tsid, paycode, rate, surch, "limit") VALUES (25, 4, 51, CAST(5.00 AS Numeric(5, 2)), CAST(2.00 AS Numeric(5, 2)), 0);
INSERT INTO tdsrate (ayid, tsid, paycode, rate, surch, "limit") VALUES (25, 3, 54, CAST(5.00 AS Numeric(5, 2)), CAST(0.00 AS Numeric(5, 2)), 0);
INSERT INTO tdsrate (ayid, tsid, paycode, rate, surch, "limit") VALUES (25, 4, 54, CAST(5.00 AS Numeric(5, 2)), CAST(2.00 AS Numeric(5, 2)), 0);
INSERT INTO tdsrate (ayid, tsid, paycode, rate, surch, "limit") VALUES (25, 1, 53, CAST(10.00 AS Numeric(5, 2)), CAST(0.00 AS Numeric(5, 2)), 0);
INSERT INTO tdsrate (ayid, tsid, paycode, rate, surch, "limit") VALUES (25, 2, 53, CAST(10.00 AS Numeric(5, 2)), CAST(0.00 AS Numeric(5, 2)), 0);
INSERT INTO tdsrate (ayid, tsid, paycode, rate, surch, "limit") VALUES (25, 5, 53, CAST(10.00 AS Numeric(5, 2)), CAST(0.00 AS Numeric(5, 2)), 0);
INSERT INTO tdsrate (ayid, tsid, paycode, rate, surch, "limit") VALUES (25, 1, 52, CAST(2.00 AS Numeric(5, 2)), CAST(0.00 AS Numeric(5, 2)), 100000);
INSERT INTO tdsrate (ayid, tsid, paycode, rate, surch, "limit") VALUES (25, 2, 52, CAST(2.00 AS Numeric(5, 2)), CAST(0.00 AS Numeric(5, 2)), 100000);
INSERT INTO tdsrate (ayid, tsid, paycode, rate, surch, "limit") VALUES (25, 5, 52, CAST(2.00 AS Numeric(5, 2)), CAST(0.00 AS Numeric(5, 2)), 100000);
INSERT INTO tdsrate (ayid, tsid, paycode, rate, surch, "limit") VALUES (25, 1, 56, CAST(10.00 AS Numeric(5, 2)), CAST(0.00 AS Numeric(5, 2)), 0);
INSERT INTO tdsrate (ayid, tsid, paycode, rate, surch, "limit") VALUES (25, 2, 56, CAST(10.00 AS Numeric(5, 2)), CAST(0.00 AS Numeric(5, 2)), 0);
INSERT INTO tdsrate (ayid, tsid, paycode, rate, surch, "limit") VALUES (25, 5, 56, CAST(10.00 AS Numeric(5, 2)), CAST(0.00 AS Numeric(5, 2)), 0);
INSERT INTO tdsrate (ayid, tsid, paycode, rate, surch, "limit") VALUES (25, 1, 57, CAST(10.00 AS Numeric(5, 2)), CAST(0.00 AS Numeric(5, 2)), 0);
INSERT INTO tdsrate (ayid, tsid, paycode, rate, surch, "limit") VALUES (25, 2, 57, CAST(10.00 AS Numeric(5, 2)), CAST(0.00 AS Numeric(5, 2)), 0);
INSERT INTO tdsrate (ayid, tsid, paycode, rate, surch, "limit") VALUES (25, 5, 57, CAST(10.00 AS Numeric(5, 2)), CAST(0.00 AS Numeric(5, 2)), 0);
INSERT INTO tdsrate (ayid, tsid, paycode, rate, surch, "limit") VALUES (25, 1, 58, CAST(10.00 AS Numeric(5, 2)), CAST(0.00 AS Numeric(5, 2)), 0);
INSERT INTO tdsrate (ayid, tsid, paycode, rate, surch, "limit") VALUES (25, 2, 58, CAST(10.00 AS Numeric(5, 2)), CAST(0.00 AS Numeric(5, 2)), 0);
INSERT INTO tdsrate (ayid, tsid, paycode, rate, surch, "limit") VALUES (25, 5, 58, CAST(10.00 AS Numeric(5, 2)), CAST(0.00 AS Numeric(5, 2)), 0);
INSERT INTO tdsrate (ayid, tsid, paycode, rate, surch, "limit") VALUES (25, 1, 60, CAST(1.00 AS Numeric(5, 2)), CAST(0.00 AS Numeric(5, 2)), 0);
INSERT INTO tdsrate (ayid, tsid, paycode, rate, surch, "limit") VALUES (25, 2, 60, CAST(1.00 AS Numeric(5, 2)), CAST(0.00 AS Numeric(5, 2)), 0);
INSERT INTO tdsrate (ayid, tsid, paycode, rate, surch, "limit") VALUES (25, 5, 60, CAST(1.00 AS Numeric(5, 2)), CAST(0.00 AS Numeric(5, 2)), 0);
INSERT INTO tdsrate (ayid, tsid, paycode, rate, surch, "limit") VALUES (25, 1, 44, CAST(1.00 AS Numeric(5, 2)), CAST(0.00 AS Numeric(5, 2)), 0);
INSERT INTO tdsrate (ayid, tsid, paycode, rate, surch, "limit") VALUES (25, 2, 44, CAST(1.00 AS Numeric(5, 2)), CAST(0.00 AS Numeric(5, 2)), 0);
INSERT INTO tdsrate (ayid, tsid, paycode, rate, surch, "limit") VALUES (25, 5, 44, CAST(1.00 AS Numeric(5, 2)), CAST(0.00 AS Numeric(5, 2)), 0);
INSERT INTO tdsrate (ayid, tsid, paycode, rate, surch, "limit") VALUES (25, 1, 45, CAST(1.00 AS Numeric(5, 2)), CAST(0.00 AS Numeric(5, 2)), 0);
INSERT INTO tdsrate (ayid, tsid, paycode, rate, surch, "limit") VALUES (25, 2, 45, CAST(1.00 AS Numeric(5, 2)), CAST(0.00 AS Numeric(5, 2)), 0);
INSERT INTO tdsrate (ayid, tsid, paycode, rate, surch, "limit") VALUES (25, 5, 45, CAST(1.00 AS Numeric(5, 2)), CAST(0.00 AS Numeric(5, 2)), 0);
INSERT INTO tdsrate (ayid, tsid, paycode, rate, surch, "limit") VALUES (25, 1, 46, CAST(1.00 AS Numeric(5, 2)), CAST(0.00 AS Numeric(5, 2)), 0);
INSERT INTO tdsrate (ayid, tsid, paycode, rate, surch, "limit") VALUES (25, 2, 46, CAST(1.00 AS Numeric(5, 2)), CAST(0.00 AS Numeric(5, 2)), 0);
INSERT INTO tdsrate (ayid, tsid, paycode, rate, surch, "limit") VALUES (25, 5, 46, CAST(1.00 AS Numeric(5, 2)), CAST(0.00 AS Numeric(5, 2)), 0);
INSERT INTO tdsrate (ayid, tsid, paycode, rate, surch, "limit") VALUES (25, 1, 61, CAST(10.00 AS Numeric(5, 2)), CAST(0.00 AS Numeric(5, 2)), 0);
INSERT INTO tdsrate (ayid, tsid, paycode, rate, surch, "limit") VALUES (25, 2, 61, CAST(10.00 AS Numeric(5, 2)), CAST(0.00 AS Numeric(5, 2)), 0);
INSERT INTO tdsrate (ayid, tsid, paycode, rate, surch, "limit") VALUES (25, 5, 61, CAST(10.00 AS Numeric(5, 2)), CAST(0.00 AS Numeric(5, 2)), 0);
INSERT INTO tdsrate (ayid, tsid, paycode, rate, surch, "limit") VALUES (25, 3, 62, CAST(5.00 AS Numeric(5, 2)), CAST(0.00 AS Numeric(5, 2)), 0);
INSERT INTO tdsrate (ayid, tsid, paycode, rate, surch, "limit") VALUES (25, 4, 62, CAST(5.00 AS Numeric(5, 2)), CAST(2.00 AS Numeric(5, 2)), 0);
INSERT INTO tdsrate (ayid, tsid, paycode, rate, surch, "limit") VALUES (25, 3, 55, CAST(30.00 AS Numeric(5, 2)), CAST(0.00 AS Numeric(5, 2)), 0);
INSERT INTO tdsrate (ayid, tsid, paycode, rate, surch, "limit") VALUES (25, 4, 55, CAST(30.00 AS Numeric(5, 2)), CAST(2.00 AS Numeric(5, 2)), 0);
INSERT INTO tdsrate (ayid, tsid, paycode, rate, surch, "limit") VALUES (25, 1, 63, CAST(2.00 AS Numeric(5, 2)), CAST(0.00 AS Numeric(5, 2)), 0);
INSERT INTO tdsrate (ayid, tsid, paycode, rate, surch, "limit") VALUES (25, 2, 63, CAST(2.00 AS Numeric(5, 2)), CAST(0.00 AS Numeric(5, 2)), 0);
INSERT INTO tdsrate (ayid, tsid, paycode, rate, surch, "limit") VALUES (25, 3, 65, CAST(10.00 AS Numeric(5, 2)), CAST(0.00 AS Numeric(5, 2)), 0);
INSERT INTO tdsrate (ayid, tsid, paycode, rate, surch, "limit") VALUES (25, 4, 65, CAST(10.00 AS Numeric(5, 2)), CAST(0.00 AS Numeric(5, 2)), 0);
INSERT INTO tdsrate (ayid, tsid, paycode, rate, surch, "limit") VALUES (25, 1, 65, CAST(10.00 AS Numeric(5, 2)), CAST(0.00 AS Numeric(5, 2)), 0);
INSERT INTO tdsrate (ayid, tsid, paycode, rate, surch, "limit") VALUES (25, 3, 66, CAST(20.00 AS Numeric(5, 2)), CAST(0.00 AS Numeric(5, 2)), 0);
INSERT INTO tdsrate (ayid, tsid, paycode, rate, surch, "limit") VALUES (25, 4, 66, CAST(20.00 AS Numeric(5, 2)), CAST(0.00 AS Numeric(5, 2)), 0);
INSERT INTO tdsrate (ayid, tsid, paycode, rate, surch, "limit") VALUES (25, 1, 66, CAST(20.00 AS Numeric(5, 2)), CAST(0.00 AS Numeric(5, 2)), 0);
INSERT INTO tdsrate (ayid, tsid, paycode, rate, surch, "limit") VALUES (25, 1, 48, CAST(0.10 AS Numeric(5, 2)), CAST(0.00 AS Numeric(5, 2)), 0);
INSERT INTO tdsrate (ayid, tsid, paycode, rate, surch, "limit") VALUES (25, 2, 48, CAST(0.10 AS Numeric(5, 2)), CAST(0.00 AS Numeric(5, 2)), 0);
INSERT INTO tdsrate (ayid, tsid, paycode, rate, surch, "limit") VALUES (25, 5, 48, CAST(0.10 AS Numeric(5, 2)), CAST(0.00 AS Numeric(5, 2)), 0);
INSERT INTO tdsrate (ayid, tsid, paycode, rate, surch, "limit") VALUES (25, 1, 49, CAST(5.00 AS Numeric(5, 2)), CAST(0.00 AS Numeric(5, 2)), 0);
INSERT INTO tdsrate (ayid, tsid, paycode, rate, surch, "limit") VALUES (25, 2, 49, CAST(5.00 AS Numeric(5, 2)), CAST(0.00 AS Numeric(5, 2)), 0);
INSERT INTO tdsrate (ayid, tsid, paycode, rate, surch, "limit") VALUES (25, 5, 49, CAST(5.00 AS Numeric(5, 2)), CAST(0.00 AS Numeric(5, 2)), 0);
INSERT INTO tdsrate (ayid, tsid, paycode, rate, surch, "limit") VALUES (25, 1, 67, CAST(1.00 AS Numeric(5, 2)), CAST(0.00 AS Numeric(5, 2)), 0);
INSERT INTO tdsrate (ayid, tsid, paycode, rate, surch, "limit") VALUES (25, 2, 67, CAST(1.00 AS Numeric(5, 2)), CAST(0.00 AS Numeric(5, 2)), 0);
INSERT INTO tdsrate (ayid, tsid, paycode, rate, surch, "limit") VALUES (25, 5, 67, CAST(1.00 AS Numeric(5, 2)), CAST(0.00 AS Numeric(5, 2)), 0);
INSERT INTO tdsrate (ayid, tsid, paycode, rate, surch, "limit") VALUES (25, 1, 81, CAST(5.00 AS Numeric(5, 2)), CAST(0.00 AS Numeric(5, 2)), 0);
INSERT INTO tdsrate (ayid, tsid, paycode, rate, surch, "limit") VALUES (25, 2, 81, CAST(5.00 AS Numeric(5, 2)), CAST(0.00 AS Numeric(5, 2)), 0);
INSERT INTO tdsrate (ayid, tsid, paycode, rate, surch, "limit") VALUES (25, 5, 81, CAST(5.00 AS Numeric(5, 2)), CAST(0.00 AS Numeric(5, 2)), 0);
INSERT INTO tdsrate (ayid, tsid, paycode, rate, surch, "limit") VALUES (25, 3, 81, CAST(5.00 AS Numeric(5, 2)), CAST(0.00 AS Numeric(5, 2)), 0);
INSERT INTO tdsrate (ayid, tsid, paycode, rate, surch, "limit") VALUES (25, 4, 81, CAST(5.00 AS Numeric(5, 2)), CAST(0.00 AS Numeric(5, 2)), 0);
INSERT INTO tdsrate (ayid, tsid, paycode, rate, surch, "limit") VALUES (25, 3, 99, CAST(20.00 AS Numeric(5, 2)), CAST(0.00 AS Numeric(5, 2)), 0);
INSERT INTO tdsrate (ayid, tsid, paycode, rate, surch, "limit") VALUES (25, 4, 99, CAST(20.00 AS Numeric(5, 2)), CAST(0.00 AS Numeric(5, 2)), 0);
INSERT INTO tdsrate (ayid, tsid, paycode, rate, surch, "limit") VALUES (25, 1, 99, CAST(20.00 AS Numeric(5, 2)), CAST(0.00 AS Numeric(5, 2)), 0);
INSERT INTO tdsrate (ayid, tsid, paycode, rate, surch, "limit") VALUES (25, 1, 70, CAST(0.10 AS Numeric(5, 2)), CAST(0.00 AS Numeric(5, 2)), 0);
INSERT INTO tdsrate (ayid, tsid, paycode, rate, surch, "limit") VALUES (25, 2, 70, CAST(0.10 AS Numeric(5, 2)), CAST(0.00 AS Numeric(5, 2)), 0);
INSERT INTO tdsrate (ayid, tsid, paycode, rate, surch, "limit") VALUES (25, 5, 70, CAST(0.10 AS Numeric(5, 2)), CAST(0.00 AS Numeric(5, 2)), 0);
INSERT INTO tdsrate (ayid, tsid, paycode, rate, surch, "limit") VALUES (25, 1, 71, CAST(10.00 AS Numeric(5, 2)), CAST(0.00 AS Numeric(5, 2)), 0);
INSERT INTO tdsrate (ayid, tsid, paycode, rate, surch, "limit") VALUES (25, 2, 71, CAST(10.00 AS Numeric(5, 2)), CAST(0.00 AS Numeric(5, 2)), 0);
INSERT INTO tdsrate (ayid, tsid, paycode, rate, surch, "limit") VALUES (25, 5, 71, CAST(10.00 AS Numeric(5, 2)), CAST(0.00 AS Numeric(5, 2)), 0);
INSERT INTO tdsrate (ayid, tsid, paycode, rate, surch, "limit") VALUES (25, 1, 72, CAST(1.00 AS Numeric(5, 2)), CAST(0.00 AS Numeric(5, 2)), 0);
INSERT INTO tdsrate (ayid, tsid, paycode, rate, surch, "limit") VALUES (25, 2, 72, CAST(1.00 AS Numeric(5, 2)), CAST(0.00 AS Numeric(5, 2)), 0);
INSERT INTO tdsrate (ayid, tsid, paycode, rate, surch, "limit") VALUES (25, 5, 72, CAST(1.00 AS Numeric(5, 2)), CAST(0.00 AS Numeric(5, 2)), 0);
INSERT INTO tdsrate (ayid, tsid, paycode, rate, surch, "limit") VALUES (25, 1, 75, CAST(10.00 AS Numeric(5, 2)), CAST(0.00 AS Numeric(5, 2)), 0);
INSERT INTO tdsrate (ayid, tsid, paycode, rate, surch, "limit") VALUES (25, 2, 75, CAST(10.00 AS Numeric(5, 2)), CAST(0.00 AS Numeric(5, 2)), 0);
INSERT INTO tdsrate (ayid, tsid, paycode, rate, surch, "limit") VALUES (25, 5, 75, CAST(10.00 AS Numeric(5, 2)), CAST(0.00 AS Numeric(5, 2)), 0);
INSERT INTO tdsrate (ayid, tsid, paycode, rate, surch, "limit") VALUES (25, 1, 84, CAST(2.00 AS Numeric(5, 2)), CAST(2.50 AS Numeric(5, 2)), 0);
INSERT INTO tdsrate (ayid, tsid, paycode, rate, surch, "limit") VALUES (25, 2, 84, CAST(2.00 AS Numeric(5, 2)), CAST(10.00 AS Numeric(5, 2)), 0);
INSERT INTO tdsrate (ayid, tsid, paycode, rate, surch, "limit") VALUES (25, 5, 84, CAST(2.00 AS Numeric(5, 2)), CAST(2.50 AS Numeric(5, 2)), 0);
INSERT INTO tdsrate (ayid, tsid, paycode, rate, surch, "limit") VALUES (25, 1, 85, CAST(10.00 AS Numeric(5, 2)), CAST(2.50 AS Numeric(5, 2)), 0);
INSERT INTO tdsrate (ayid, tsid, paycode, rate, surch, "limit") VALUES (25, 2, 85, CAST(10.00 AS Numeric(5, 2)), CAST(10.00 AS Numeric(5, 2)), 0);
INSERT INTO tdsrate (ayid, tsid, paycode, rate, surch, "limit") VALUES (25, 5, 85, CAST(10.00 AS Numeric(5, 2)), CAST(2.50 AS Numeric(5, 2)), 0);
INSERT INTO tdsrate (ayid, tsid, paycode, rate, surch, "limit") VALUES (25, 1, 79, CAST(2.00 AS Numeric(5, 2)), CAST(2.50 AS Numeric(5, 2)), 0);
INSERT INTO tdsrate (ayid, tsid, paycode, rate, surch, "limit") VALUES (25, 2, 79, CAST(2.00 AS Numeric(5, 2)), CAST(10.00 AS Numeric(5, 2)), 0);
INSERT INTO tdsrate (ayid, tsid, paycode, rate, surch, "limit") VALUES (25, 5, 79, CAST(2.00 AS Numeric(5, 2)), CAST(2.50 AS Numeric(5, 2)), 0);
INSERT INTO tdsrate (ayid, tsid, paycode, rate, surch, "limit") VALUES (25, 1, 80, CAST(10.00 AS Numeric(5, 2)), CAST(2.50 AS Numeric(5, 2)), 0);
INSERT INTO tdsrate (ayid, tsid, paycode, rate, surch, "limit") VALUES (25, 2, 80, CAST(10.00 AS Numeric(5, 2)), CAST(10.00 AS Numeric(5, 2)), 0);
INSERT INTO tdsrate (ayid, tsid, paycode, rate, surch, "limit") VALUES (25, 5, 80, CAST(10.00 AS Numeric(5, 2)), CAST(10.00 AS Numeric(5, 2)), 0);
INSERT INTO tdsrate (ayid, tsid, paycode, rate, surch, "limit") VALUES (26, 1, 2, CAST(2.00 AS Numeric(5, 2)), CAST(2.50 AS Numeric(5, 2)), 0);
INSERT INTO tdsrate (ayid, tsid, paycode, rate, surch, "limit") VALUES (26, 1, 3, CAST(1.00 AS Numeric(5, 2)), CAST(2.50 AS Numeric(5, 2)), 0);
INSERT INTO tdsrate (ayid, tsid, paycode, rate, surch, "limit") VALUES (26, 1, 4, CAST(1.00 AS Numeric(5, 2)), CAST(2.50 AS Numeric(5, 2)), 0);
INSERT INTO tdsrate (ayid, tsid, paycode, rate, surch, "limit") VALUES (26, 2, 2, CAST(2.00 AS Numeric(5, 2)), CAST(10.00 AS Numeric(5, 2)), 0);
INSERT INTO tdsrate (ayid, tsid, paycode, rate, surch, "limit") VALUES (26, 2, 3, CAST(1.00 AS Numeric(5, 2)), CAST(10.00 AS Numeric(5, 2)), 0);
INSERT INTO tdsrate (ayid, tsid, paycode, rate, surch, "limit") VALUES (26, 2, 4, CAST(1.00 AS Numeric(5, 2)), CAST(10.00 AS Numeric(5, 2)), 0);
INSERT INTO tdsrate (ayid, tsid, paycode, rate, surch, "limit") VALUES (26, 1, 5, CAST(10.00 AS Numeric(5, 2)), CAST(2.50 AS Numeric(5, 2)), 0);
INSERT INTO tdsrate (ayid, tsid, paycode, rate, surch, "limit") VALUES (26, 2, 5, CAST(10.00 AS Numeric(5, 2)), CAST(10.00 AS Numeric(5, 2)), 0);
INSERT INTO tdsrate (ayid, tsid, paycode, rate, surch, "limit") VALUES (26, 1, 6, CAST(10.00 AS Numeric(5, 2)), CAST(2.50 AS Numeric(5, 2)), 0);
INSERT INTO tdsrate (ayid, tsid, paycode, rate, surch, "limit") VALUES (26, 2, 6, CAST(10.00 AS Numeric(5, 2)), CAST(10.00 AS Numeric(5, 2)), 0);
INSERT INTO tdsrate (ayid, tsid, paycode, rate, surch, "limit") VALUES (26, 3, 11, CAST(20.00 AS Numeric(5, 2)), CAST(2.50 AS Numeric(5, 2)), 0);
INSERT INTO tdsrate (ayid, tsid, paycode, rate, surch, "limit") VALUES (26, 4, 11, CAST(20.00 AS Numeric(5, 2)), CAST(2.50 AS Numeric(5, 2)), 0);
INSERT INTO tdsrate (ayid, tsid, paycode, rate, surch, "limit") VALUES (26, 1, 8, CAST(10.00 AS Numeric(5, 2)), CAST(2.50 AS Numeric(5, 2)), 0);
INSERT INTO tdsrate (ayid, tsid, paycode, rate, surch, "limit") VALUES (26, 2, 8, CAST(10.00 AS Numeric(5, 2)), CAST(10.00 AS Numeric(5, 2)), 0);
INSERT INTO tdsrate (ayid, tsid, paycode, rate, surch, "limit") VALUES (26, 3, 12, CAST(20.00 AS Numeric(5, 2)), CAST(2.50 AS Numeric(5, 2)), 0);
INSERT INTO tdsrate (ayid, tsid, paycode, rate, surch, "limit") VALUES (26, 4, 12, CAST(20.00 AS Numeric(5, 2)), CAST(2.50 AS Numeric(5, 2)), 0);
INSERT INTO tdsrate (ayid, tsid, paycode, rate, surch, "limit") VALUES (26, 3, 13, CAST(30.00 AS Numeric(5, 2)), CAST(2.50 AS Numeric(5, 2)), 0);
INSERT INTO tdsrate (ayid, tsid, paycode, rate, surch, "limit") VALUES (26, 4, 13, CAST(40.00 AS Numeric(5, 2)), CAST(2.50 AS Numeric(5, 2)), 0);
INSERT INTO tdsrate (ayid, tsid, paycode, rate, surch, "limit") VALUES (26, 1, 9, CAST(2.00 AS Numeric(5, 2)), CAST(0.00 AS Numeric(5, 2)), 0);
INSERT INTO tdsrate (ayid, tsid, paycode, rate, surch, "limit") VALUES (26, 1, 14, CAST(30.00 AS Numeric(5, 2)), CAST(2.50 AS Numeric(5, 2)), 0);
INSERT INTO tdsrate (ayid, tsid, paycode, rate, surch, "limit") VALUES (26, 1, 15, CAST(30.00 AS Numeric(5, 2)), CAST(2.50 AS Numeric(5, 2)), 0);
INSERT INTO tdsrate (ayid, tsid, paycode, rate, surch, "limit") VALUES (26, 1, 16, CAST(20.00 AS Numeric(5, 2)), CAST(2.50 AS Numeric(5, 2)), 0);
INSERT INTO tdsrate (ayid, tsid, paycode, rate, surch, "limit") VALUES (26, 1, 17, CAST(20.00 AS Numeric(5, 2)), CAST(2.50 AS Numeric(5, 2)), 0);
INSERT INTO tdsrate (ayid, tsid, paycode, rate, surch, "limit") VALUES (26, 1, 18, CAST(20.00 AS Numeric(5, 2)), CAST(2.50 AS Numeric(5, 2)), 0);
INSERT INTO tdsrate (ayid, tsid, paycode, rate, surch, "limit") VALUES (26, 1, 10, CAST(5.00 AS Numeric(5, 2)), CAST(2.50 AS Numeric(5, 2)), 0);
INSERT INTO tdsrate (ayid, tsid, paycode, rate, surch, "limit") VALUES (26, 1, 20, CAST(20.00 AS Numeric(5, 2)), CAST(2.50 AS Numeric(5, 2)), 0);
INSERT INTO tdsrate (ayid, tsid, paycode, rate, surch, "limit") VALUES (26, 2, 14, CAST(30.00 AS Numeric(5, 2)), CAST(10.00 AS Numeric(5, 2)), 0);
INSERT INTO tdsrate (ayid, tsid, paycode, rate, surch, "limit") VALUES (26, 2, 15, CAST(30.00 AS Numeric(5, 2)), CAST(10.00 AS Numeric(5, 2)), 0);
INSERT INTO tdsrate (ayid, tsid, paycode, rate, surch, "limit") VALUES (26, 2, 10, CAST(5.00 AS Numeric(5, 2)), CAST(10.00 AS Numeric(5, 2)), 0);
INSERT INTO tdsrate (ayid, tsid, paycode, rate, surch, "limit") VALUES (26, 2, 20, CAST(20.00 AS Numeric(5, 2)), CAST(10.00 AS Numeric(5, 2)), 0);
INSERT INTO tdsrate (ayid, tsid, paycode, rate, surch, "limit") VALUES (26, 4, 14, CAST(30.00 AS Numeric(5, 2)), CAST(0.00 AS Numeric(5, 2)), 0);
INSERT INTO tdsrate (ayid, tsid, paycode, rate, surch, "limit") VALUES (26, 4, 15, CAST(30.00 AS Numeric(5, 2)), CAST(0.00 AS Numeric(5, 2)), 0);
INSERT INTO tdsrate (ayid, tsid, paycode, rate, surch, "limit") VALUES (26, 4, 16, CAST(20.00 AS Numeric(5, 2)), CAST(0.00 AS Numeric(5, 2)), 0);
INSERT INTO tdsrate (ayid, tsid, paycode, rate, surch, "limit") VALUES (26, 4, 20, CAST(48.00 AS Numeric(5, 2)), CAST(0.00 AS Numeric(5, 2)), 0);
INSERT INTO tdsrate (ayid, tsid, paycode, rate, surch, "limit") VALUES (26, 4, 19, CAST(10.00 AS Numeric(5, 2)), CAST(0.00 AS Numeric(5, 2)), 0);
INSERT INTO tdsrate (ayid, tsid, paycode, rate, surch, "limit") VALUES (26, 2, 16, CAST(20.00 AS Numeric(5, 2)), CAST(10.00 AS Numeric(5, 2)), 0);
INSERT INTO tdsrate (ayid, tsid, paycode, rate, surch, "limit") VALUES (26, 3, 16, CAST(30.00 AS Numeric(5, 2)), CAST(2.50 AS Numeric(5, 2)), 0);
INSERT INTO tdsrate (ayid, tsid, paycode, rate, surch, "limit") VALUES (26, 3, 14, CAST(30.00 AS Numeric(5, 2)), CAST(2.50 AS Numeric(5, 2)), 0);
INSERT INTO tdsrate (ayid, tsid, paycode, rate, surch, "limit") VALUES (26, 3, 15, CAST(30.00 AS Numeric(5, 2)), CAST(2.50 AS Numeric(5, 2)), 0);
INSERT INTO tdsrate (ayid, tsid, paycode, rate, surch, "limit") VALUES (26, 3, 17, CAST(20.00 AS Numeric(5, 2)), CAST(2.50 AS Numeric(5, 2)), 0);
INSERT INTO tdsrate (ayid, tsid, paycode, rate, surch, "limit") VALUES (26, 3, 18, CAST(20.00 AS Numeric(5, 2)), CAST(2.50 AS Numeric(5, 2)), 0);
INSERT INTO tdsrate (ayid, tsid, paycode, rate, surch, "limit") VALUES (26, 3, 19, CAST(10.00 AS Numeric(5, 2)), CAST(2.50 AS Numeric(5, 2)), 0);
INSERT INTO tdsrate (ayid, tsid, paycode, rate, surch, "limit") VALUES (26, 2, 22, CAST(20.00 AS Numeric(5, 2)), CAST(10.00 AS Numeric(5, 2)), 0);
INSERT INTO tdsrate (ayid, tsid, paycode, rate, surch, "limit") VALUES (26, 4, 22, CAST(20.00 AS Numeric(5, 2)), CAST(2.50 AS Numeric(5, 2)), 0);
INSERT INTO tdsrate (ayid, tsid, paycode, rate, surch, "limit") VALUES (26, 1, 22, CAST(20.00 AS Numeric(5, 2)), CAST(2.50 AS Numeric(5, 2)), 0);
INSERT INTO tdsrate (ayid, tsid, paycode, rate, surch, "limit") VALUES (26, 3, 22, CAST(20.00 AS Numeric(5, 2)), CAST(2.50 AS Numeric(5, 2)), 0);
INSERT INTO tdsrate (ayid, tsid, paycode, rate, surch, "limit") VALUES (26, 5, 2, CAST(2.00 AS Numeric(5, 2)), CAST(2.50 AS Numeric(5, 2)), 0);
INSERT INTO tdsrate (ayid, tsid, paycode, rate, surch, "limit") VALUES (26, 5, 3, CAST(1.00 AS Numeric(5, 2)), CAST(2.50 AS Numeric(5, 2)), 0);
INSERT INTO tdsrate (ayid, tsid, paycode, rate, surch, "limit") VALUES (26, 5, 4, CAST(1.00 AS Numeric(5, 2)), CAST(2.50 AS Numeric(5, 2)), 0);
INSERT INTO tdsrate (ayid, tsid, paycode, rate, surch, "limit") VALUES (26, 5, 5, CAST(10.00 AS Numeric(5, 2)), CAST(10.00 AS Numeric(5, 2)), 0);
INSERT INTO tdsrate (ayid, tsid, paycode, rate, surch, "limit") VALUES (26, 5, 6, CAST(10.00 AS Numeric(5, 2)), CAST(2.50 AS Numeric(5, 2)), 0);
INSERT INTO tdsrate (ayid, tsid, paycode, rate, surch, "limit") VALUES (26, 5, 8, CAST(10.00 AS Numeric(5, 2)), CAST(2.50 AS Numeric(5, 2)), 0);
INSERT INTO tdsrate (ayid, tsid, paycode, rate, surch, "limit") VALUES (26, 2, 9, CAST(10.00 AS Numeric(5, 2)), CAST(0.00 AS Numeric(5, 2)), 0);
INSERT INTO tdsrate (ayid, tsid, paycode, rate, surch, "limit") VALUES (26, 5, 14, CAST(30.00 AS Numeric(5, 2)), CAST(2.50 AS Numeric(5, 2)), 0);
INSERT INTO tdsrate (ayid, tsid, paycode, rate, surch, "limit") VALUES (26, 5, 15, CAST(30.00 AS Numeric(5, 2)), CAST(2.50 AS Numeric(5, 2)), 0);
INSERT INTO tdsrate (ayid, tsid, paycode, rate, surch, "limit") VALUES (26, 5, 16, CAST(20.00 AS Numeric(5, 2)), CAST(2.50 AS Numeric(5, 2)), 0);
INSERT INTO tdsrate (ayid, tsid, paycode, rate, surch, "limit") VALUES (26, 5, 17, CAST(20.00 AS Numeric(5, 2)), CAST(2.50 AS Numeric(5, 2)), 0);
INSERT INTO tdsrate (ayid, tsid, paycode, rate, surch, "limit") VALUES (26, 5, 18, CAST(20.00 AS Numeric(5, 2)), CAST(2.50 AS Numeric(5, 2)), 0);
INSERT INTO tdsrate (ayid, tsid, paycode, rate, surch, "limit") VALUES (26, 5, 10, CAST(5.00 AS Numeric(5, 2)), CAST(2.50 AS Numeric(5, 2)), 0);
INSERT INTO tdsrate (ayid, tsid, paycode, rate, surch, "limit") VALUES (26, 5, 20, CAST(20.00 AS Numeric(5, 2)), CAST(2.50 AS Numeric(5, 2)), 0);
INSERT INTO tdsrate (ayid, tsid, paycode, rate, surch, "limit") VALUES (26, 5, 22, CAST(20.00 AS Numeric(5, 2)), CAST(2.50 AS Numeric(5, 2)), 0);
INSERT INTO tdsrate (ayid, tsid, paycode, rate, surch, "limit") VALUES (26, 2, 30, CAST(2.00 AS Numeric(5, 2)), CAST(10.00 AS Numeric(5, 2)), 0);
INSERT INTO tdsrate (ayid, tsid, paycode, rate, surch, "limit") VALUES (26, 2, 31, CAST(2.50 AS Numeric(5, 2)), CAST(10.00 AS Numeric(5, 2)), 0);
INSERT INTO tdsrate (ayid, tsid, paycode, rate, surch, "limit") VALUES (26, 2, 32, CAST(2.50 AS Numeric(5, 2)), CAST(10.00 AS Numeric(5, 2)), 0);
INSERT INTO tdsrate (ayid, tsid, paycode, rate, surch, "limit") VALUES (26, 2, 33, CAST(2.50 AS Numeric(5, 2)), CAST(10.00 AS Numeric(5, 2)), 0);
INSERT INTO tdsrate (ayid, tsid, paycode, rate, surch, "limit") VALUES (26, 2, 34, CAST(2.00 AS Numeric(5, 2)), CAST(10.00 AS Numeric(5, 2)), 0);
INSERT INTO tdsrate (ayid, tsid, paycode, rate, surch, "limit") VALUES (26, 1, 30, CAST(2.00 AS Numeric(5, 2)), CAST(2.50 AS Numeric(5, 2)), 0);
INSERT INTO tdsrate (ayid, tsid, paycode, rate, surch, "limit") VALUES (26, 1, 31, CAST(2.00 AS Numeric(5, 2)), CAST(2.00 AS Numeric(5, 2)), 0);
INSERT INTO tdsrate (ayid, tsid, paycode, rate, surch, "limit") VALUES (26, 1, 32, CAST(2.00 AS Numeric(5, 2)), CAST(2.00 AS Numeric(5, 2)), 0);
INSERT INTO tdsrate (ayid, tsid, paycode, rate, surch, "limit") VALUES (26, 1, 33, CAST(2.50 AS Numeric(5, 2)), CAST(2.50 AS Numeric(5, 2)), 0);
INSERT INTO tdsrate (ayid, tsid, paycode, rate, surch, "limit") VALUES (26, 1, 34, CAST(2.00 AS Numeric(5, 2)), CAST(2.50 AS Numeric(5, 2)), 0);
INSERT INTO tdsrate (ayid, tsid, paycode, rate, surch, "limit") VALUES (26, 1, 35, CAST(2.00 AS Numeric(5, 2)), CAST(2.50 AS Numeric(5, 2)), 0);
INSERT INTO tdsrate (ayid, tsid, paycode, rate, surch, "limit") VALUES (26, 1, 40, CAST(10.00 AS Numeric(5, 2)), CAST(2.50 AS Numeric(5, 2)), 0);
INSERT INTO tdsrate (ayid, tsid, paycode, rate, surch, "limit") VALUES (26, 2, 40, CAST(10.00 AS Numeric(5, 2)), CAST(10.00 AS Numeric(5, 2)), 0);
INSERT INTO tdsrate (ayid, tsid, paycode, rate, surch, "limit") VALUES (26, 5, 40, CAST(10.00 AS Numeric(5, 2)), CAST(2.50 AS Numeric(5, 2)), 0);
INSERT INTO tdsrate (ayid, tsid, paycode, rate, surch, "limit") VALUES (26, 1, 37, CAST(2.00 AS Numeric(5, 2)), CAST(2.50 AS Numeric(5, 2)), 0);
INSERT INTO tdsrate (ayid, tsid, paycode, rate, surch, "limit") VALUES (26, 1, 38, CAST(2.00 AS Numeric(5, 2)), CAST(2.50 AS Numeric(5, 2)), 0);
INSERT INTO tdsrate (ayid, tsid, paycode, rate, surch, "limit") VALUES (26, 1, 1, CAST(10.00 AS Numeric(5, 2)), CAST(2.50 AS Numeric(5, 2)), 0);
INSERT INTO tdsrate (ayid, tsid, paycode, rate, surch, "limit") VALUES (26, 2, 1, CAST(10.00 AS Numeric(5, 2)), CAST(10.00 AS Numeric(5, 2)), 0);
INSERT INTO tdsrate (ayid, tsid, paycode, rate, surch, "limit") VALUES (26, 5, 1, CAST(10.00 AS Numeric(5, 2)), CAST(2.50 AS Numeric(5, 2)), 0);
INSERT INTO tdsrate (ayid, tsid, paycode, rate, surch, "limit") VALUES (26, 2, 23, CAST(10.00 AS Numeric(5, 2)), CAST(10.00 AS Numeric(5, 2)), 0);
INSERT INTO tdsrate (ayid, tsid, paycode, rate, surch, "limit") VALUES (26, 4, 23, CAST(10.00 AS Numeric(5, 2)), CAST(2.50 AS Numeric(5, 2)), 0);
INSERT INTO tdsrate (ayid, tsid, paycode, rate, surch, "limit") VALUES (26, 1, 23, CAST(10.00 AS Numeric(5, 2)), CAST(2.50 AS Numeric(5, 2)), 0);
INSERT INTO tdsrate (ayid, tsid, paycode, rate, surch, "limit") VALUES (26, 3, 23, CAST(10.00 AS Numeric(5, 2)), CAST(2.50 AS Numeric(5, 2)), 0);
INSERT INTO tdsrate (ayid, tsid, paycode, rate, surch, "limit") VALUES (26, 5, 23, CAST(10.00 AS Numeric(5, 2)), CAST(2.50 AS Numeric(5, 2)), 0);
INSERT INTO tdsrate (ayid, tsid, paycode, rate, surch, "limit") VALUES (26, 1, 41, CAST(1.00 AS Numeric(5, 2)), CAST(0.00 AS Numeric(5, 2)), 0);
INSERT INTO tdsrate (ayid, tsid, paycode, rate, surch, "limit") VALUES (26, 2, 41, CAST(1.00 AS Numeric(5, 2)), CAST(0.00 AS Numeric(5, 2)), 0);
INSERT INTO tdsrate (ayid, tsid, paycode, rate, surch, "limit") VALUES (26, 5, 41, CAST(1.00 AS Numeric(5, 2)), CAST(0.00 AS Numeric(5, 2)), 0);
INSERT INTO tdsrate (ayid, tsid, paycode, rate, surch, "limit") VALUES (26, 1, 42, CAST(1.00 AS Numeric(5, 2)), CAST(0.00 AS Numeric(5, 2)), 0);
INSERT INTO tdsrate (ayid, tsid, paycode, rate, surch, "limit") VALUES (26, 2, 42, CAST(1.00 AS Numeric(5, 2)), CAST(0.00 AS Numeric(5, 2)), 0);
INSERT INTO tdsrate (ayid, tsid, paycode, rate, surch, "limit") VALUES (26, 5, 42, CAST(1.00 AS Numeric(5, 2)), CAST(0.00 AS Numeric(5, 2)), 0);
INSERT INTO tdsrate (ayid, tsid, paycode, rate, surch, "limit") VALUES (26, 1, 43, CAST(1.00 AS Numeric(5, 2)), CAST(0.00 AS Numeric(5, 2)), 0);
INSERT INTO tdsrate (ayid, tsid, paycode, rate, surch, "limit") VALUES (26, 2, 43, CAST(1.00 AS Numeric(5, 2)), CAST(0.00 AS Numeric(5, 2)), 0);
INSERT INTO tdsrate (ayid, tsid, paycode, rate, surch, "limit") VALUES (26, 5, 43, CAST(1.00 AS Numeric(5, 2)), CAST(0.00 AS Numeric(5, 2)), 0);
INSERT INTO tdsrate (ayid, tsid, paycode, rate, surch, "limit") VALUES (26, 3, 50, CAST(5.00 AS Numeric(5, 2)), CAST(0.00 AS Numeric(5, 2)), 0);
INSERT INTO tdsrate (ayid, tsid, paycode, rate, surch, "limit") VALUES (26, 4, 50, CAST(5.00 AS Numeric(5, 2)), CAST(2.00 AS Numeric(5, 2)), 0);
INSERT INTO tdsrate (ayid, tsid, paycode, rate, surch, "limit") VALUES (26, 3, 51, CAST(5.00 AS Numeric(5, 2)), CAST(0.00 AS Numeric(5, 2)), 0);
INSERT INTO tdsrate (ayid, tsid, paycode, rate, surch, "limit") VALUES (26, 4, 51, CAST(5.00 AS Numeric(5, 2)), CAST(2.00 AS Numeric(5, 2)), 0);
INSERT INTO tdsrate (ayid, tsid, paycode, rate, surch, "limit") VALUES (26, 3, 54, CAST(5.00 AS Numeric(5, 2)), CAST(0.00 AS Numeric(5, 2)), 0);
INSERT INTO tdsrate (ayid, tsid, paycode, rate, surch, "limit") VALUES (26, 4, 54, CAST(5.00 AS Numeric(5, 2)), CAST(2.00 AS Numeric(5, 2)), 0);
INSERT INTO tdsrate (ayid, tsid, paycode, rate, surch, "limit") VALUES (26, 1, 53, CAST(10.00 AS Numeric(5, 2)), CAST(0.00 AS Numeric(5, 2)), 0);
INSERT INTO tdsrate (ayid, tsid, paycode, rate, surch, "limit") VALUES (26, 2, 53, CAST(10.00 AS Numeric(5, 2)), CAST(0.00 AS Numeric(5, 2)), 0);
INSERT INTO tdsrate (ayid, tsid, paycode, rate, surch, "limit") VALUES (26, 5, 53, CAST(10.00 AS Numeric(5, 2)), CAST(0.00 AS Numeric(5, 2)), 0);
INSERT INTO tdsrate (ayid, tsid, paycode, rate, surch, "limit") VALUES (26, 1, 52, CAST(2.00 AS Numeric(5, 2)), CAST(0.00 AS Numeric(5, 2)), 100000);
INSERT INTO tdsrate (ayid, tsid, paycode, rate, surch, "limit") VALUES (26, 2, 52, CAST(2.00 AS Numeric(5, 2)), CAST(0.00 AS Numeric(5, 2)), 100000);
INSERT INTO tdsrate (ayid, tsid, paycode, rate, surch, "limit") VALUES (26, 5, 52, CAST(2.00 AS Numeric(5, 2)), CAST(0.00 AS Numeric(5, 2)), 100000);
INSERT INTO tdsrate (ayid, tsid, paycode, rate, surch, "limit") VALUES (26, 1, 56, CAST(10.00 AS Numeric(5, 2)), CAST(0.00 AS Numeric(5, 2)), 0);
INSERT INTO tdsrate (ayid, tsid, paycode, rate, surch, "limit") VALUES (26, 2, 56, CAST(10.00 AS Numeric(5, 2)), CAST(0.00 AS Numeric(5, 2)), 0);
INSERT INTO tdsrate (ayid, tsid, paycode, rate, surch, "limit") VALUES (26, 5, 56, CAST(10.00 AS Numeric(5, 2)), CAST(0.00 AS Numeric(5, 2)), 0);
INSERT INTO tdsrate (ayid, tsid, paycode, rate, surch, "limit") VALUES (26, 1, 57, CAST(10.00 AS Numeric(5, 2)), CAST(0.00 AS Numeric(5, 2)), 0);
INSERT INTO tdsrate (ayid, tsid, paycode, rate, surch, "limit") VALUES (26, 2, 57, CAST(10.00 AS Numeric(5, 2)), CAST(0.00 AS Numeric(5, 2)), 0);
INSERT INTO tdsrate (ayid, tsid, paycode, rate, surch, "limit") VALUES (26, 5, 57, CAST(10.00 AS Numeric(5, 2)), CAST(0.00 AS Numeric(5, 2)), 0);
INSERT INTO tdsrate (ayid, tsid, paycode, rate, surch, "limit") VALUES (26, 1, 58, CAST(10.00 AS Numeric(5, 2)), CAST(0.00 AS Numeric(5, 2)), 0);
INSERT INTO tdsrate (ayid, tsid, paycode, rate, surch, "limit") VALUES (26, 2, 58, CAST(10.00 AS Numeric(5, 2)), CAST(0.00 AS Numeric(5, 2)), 0);
INSERT INTO tdsrate (ayid, tsid, paycode, rate, surch, "limit") VALUES (26, 5, 58, CAST(10.00 AS Numeric(5, 2)), CAST(0.00 AS Numeric(5, 2)), 0);
INSERT INTO tdsrate (ayid, tsid, paycode, rate, surch, "limit") VALUES (26, 1, 60, CAST(1.00 AS Numeric(5, 2)), CAST(0.00 AS Numeric(5, 2)), 0);
INSERT INTO tdsrate (ayid, tsid, paycode, rate, surch, "limit") VALUES (26, 2, 60, CAST(1.00 AS Numeric(5, 2)), CAST(0.00 AS Numeric(5, 2)), 0);
INSERT INTO tdsrate (ayid, tsid, paycode, rate, surch, "limit") VALUES (26, 5, 60, CAST(1.00 AS Numeric(5, 2)), CAST(0.00 AS Numeric(5, 2)), 0);
INSERT INTO tdsrate (ayid, tsid, paycode, rate, surch, "limit") VALUES (26, 1, 44, CAST(1.00 AS Numeric(5, 2)), CAST(0.00 AS Numeric(5, 2)), 0);
INSERT INTO tdsrate (ayid, tsid, paycode, rate, surch, "limit") VALUES (26, 2, 44, CAST(1.00 AS Numeric(5, 2)), CAST(0.00 AS Numeric(5, 2)), 0);
INSERT INTO tdsrate (ayid, tsid, paycode, rate, surch, "limit") VALUES (26, 5, 44, CAST(1.00 AS Numeric(5, 2)), CAST(0.00 AS Numeric(5, 2)), 0);
INSERT INTO tdsrate (ayid, tsid, paycode, rate, surch, "limit") VALUES (26, 1, 45, CAST(1.00 AS Numeric(5, 2)), CAST(0.00 AS Numeric(5, 2)), 0);
INSERT INTO tdsrate (ayid, tsid, paycode, rate, surch, "limit") VALUES (26, 2, 45, CAST(1.00 AS Numeric(5, 2)), CAST(0.00 AS Numeric(5, 2)), 0);
INSERT INTO tdsrate (ayid, tsid, paycode, rate, surch, "limit") VALUES (26, 5, 45, CAST(1.00 AS Numeric(5, 2)), CAST(0.00 AS Numeric(5, 2)), 0);
INSERT INTO tdsrate (ayid, tsid, paycode, rate, surch, "limit") VALUES (26, 1, 46, CAST(1.00 AS Numeric(5, 2)), CAST(0.00 AS Numeric(5, 2)), 0);
INSERT INTO tdsrate (ayid, tsid, paycode, rate, surch, "limit") VALUES (26, 2, 46, CAST(1.00 AS Numeric(5, 2)), CAST(0.00 AS Numeric(5, 2)), 0);
INSERT INTO tdsrate (ayid, tsid, paycode, rate, surch, "limit") VALUES (26, 5, 46, CAST(1.00 AS Numeric(5, 2)), CAST(0.00 AS Numeric(5, 2)), 0);
INSERT INTO tdsrate (ayid, tsid, paycode, rate, surch, "limit") VALUES (26, 1, 61, CAST(10.00 AS Numeric(5, 2)), CAST(0.00 AS Numeric(5, 2)), 0);
INSERT INTO tdsrate (ayid, tsid, paycode, rate, surch, "limit") VALUES (26, 2, 61, CAST(10.00 AS Numeric(5, 2)), CAST(0.00 AS Numeric(5, 2)), 0);
INSERT INTO tdsrate (ayid, tsid, paycode, rate, surch, "limit") VALUES (26, 5, 61, CAST(10.00 AS Numeric(5, 2)), CAST(0.00 AS Numeric(5, 2)), 0);
INSERT INTO tdsrate (ayid, tsid, paycode, rate, surch, "limit") VALUES (26, 3, 62, CAST(5.00 AS Numeric(5, 2)), CAST(0.00 AS Numeric(5, 2)), 0);
INSERT INTO tdsrate (ayid, tsid, paycode, rate, surch, "limit") VALUES (26, 4, 62, CAST(5.00 AS Numeric(5, 2)), CAST(2.00 AS Numeric(5, 2)), 0);
INSERT INTO tdsrate (ayid, tsid, paycode, rate, surch, "limit") VALUES (26, 3, 55, CAST(30.00 AS Numeric(5, 2)), CAST(0.00 AS Numeric(5, 2)), 0);
INSERT INTO tdsrate (ayid, tsid, paycode, rate, surch, "limit") VALUES (26, 4, 55, CAST(30.00 AS Numeric(5, 2)), CAST(2.00 AS Numeric(5, 2)), 0);
INSERT INTO tdsrate (ayid, tsid, paycode, rate, surch, "limit") VALUES (26, 1, 63, CAST(2.00 AS Numeric(5, 2)), CAST(0.00 AS Numeric(5, 2)), 0);
INSERT INTO tdsrate (ayid, tsid, paycode, rate, surch, "limit") VALUES (26, 2, 63, CAST(2.00 AS Numeric(5, 2)), CAST(0.00 AS Numeric(5, 2)), 0);
INSERT INTO tdsrate (ayid, tsid, paycode, rate, surch, "limit") VALUES (26, 3, 65, CAST(10.00 AS Numeric(5, 2)), CAST(0.00 AS Numeric(5, 2)), 0);
INSERT INTO tdsrate (ayid, tsid, paycode, rate, surch, "limit") VALUES (26, 4, 65, CAST(10.00 AS Numeric(5, 2)), CAST(0.00 AS Numeric(5, 2)), 0);
INSERT INTO tdsrate (ayid, tsid, paycode, rate, surch, "limit") VALUES (26, 1, 65, CAST(10.00 AS Numeric(5, 2)), CAST(0.00 AS Numeric(5, 2)), 0);
INSERT INTO tdsrate (ayid, tsid, paycode, rate, surch, "limit") VALUES (26, 3, 66, CAST(20.00 AS Numeric(5, 2)), CAST(0.00 AS Numeric(5, 2)), 0);
INSERT INTO tdsrate (ayid, tsid, paycode, rate, surch, "limit") VALUES (26, 4, 66, CAST(20.00 AS Numeric(5, 2)), CAST(0.00 AS Numeric(5, 2)), 0);
INSERT INTO tdsrate (ayid, tsid, paycode, rate, surch, "limit") VALUES (26, 1, 66, CAST(20.00 AS Numeric(5, 2)), CAST(0.00 AS Numeric(5, 2)), 0);
INSERT INTO tdsrate (ayid, tsid, paycode, rate, surch, "limit") VALUES (26, 1, 48, CAST(0.10 AS Numeric(5, 2)), CAST(0.00 AS Numeric(5, 2)), 0);
INSERT INTO tdsrate (ayid, tsid, paycode, rate, surch, "limit") VALUES (26, 2, 48, CAST(0.10 AS Numeric(5, 2)), CAST(0.00 AS Numeric(5, 2)), 0);
INSERT INTO tdsrate (ayid, tsid, paycode, rate, surch, "limit") VALUES (26, 5, 48, CAST(0.10 AS Numeric(5, 2)), CAST(0.00 AS Numeric(5, 2)), 0);
INSERT INTO tdsrate (ayid, tsid, paycode, rate, surch, "limit") VALUES (26, 1, 49, CAST(5.00 AS Numeric(5, 2)), CAST(0.00 AS Numeric(5, 2)), 0);
INSERT INTO tdsrate (ayid, tsid, paycode, rate, surch, "limit") VALUES (26, 2, 49, CAST(5.00 AS Numeric(5, 2)), CAST(0.00 AS Numeric(5, 2)), 0);
INSERT INTO tdsrate (ayid, tsid, paycode, rate, surch, "limit") VALUES (26, 5, 49, CAST(5.00 AS Numeric(5, 2)), CAST(0.00 AS Numeric(5, 2)), 0);
INSERT INTO tdsrate (ayid, tsid, paycode, rate, surch, "limit") VALUES (26, 1, 67, CAST(1.00 AS Numeric(5, 2)), CAST(0.00 AS Numeric(5, 2)), 0);
INSERT INTO tdsrate (ayid, tsid, paycode, rate, surch, "limit") VALUES (26, 2, 67, CAST(1.00 AS Numeric(5, 2)), CAST(0.00 AS Numeric(5, 2)), 0);
INSERT INTO tdsrate (ayid, tsid, paycode, rate, surch, "limit") VALUES (26, 5, 67, CAST(1.00 AS Numeric(5, 2)), CAST(0.00 AS Numeric(5, 2)), 0);
INSERT INTO tdsrate (ayid, tsid, paycode, rate, surch, "limit") VALUES (26, 1, 81, CAST(2.00 AS Numeric(5, 2)), CAST(0.00 AS Numeric(5, 2)), 0);
INSERT INTO tdsrate (ayid, tsid, paycode, rate, surch, "limit") VALUES (26, 2, 81, CAST(2.00 AS Numeric(5, 2)), CAST(0.00 AS Numeric(5, 2)), 0);
INSERT INTO tdsrate (ayid, tsid, paycode, rate, surch, "limit") VALUES (26, 5, 81, CAST(2.00 AS Numeric(5, 2)), CAST(0.00 AS Numeric(5, 2)), 0);
INSERT INTO tdsrate (ayid, tsid, paycode, rate, surch, "limit") VALUES (26, 3, 81, CAST(2.00 AS Numeric(5, 2)), CAST(0.00 AS Numeric(5, 2)), 0);
INSERT INTO tdsrate (ayid, tsid, paycode, rate, surch, "limit") VALUES (26, 4, 81, CAST(2.00 AS Numeric(5, 2)), CAST(0.00 AS Numeric(5, 2)), 0);
INSERT INTO tdsrate (ayid, tsid, paycode, rate, surch, "limit") VALUES (26, 3, 99, CAST(20.00 AS Numeric(5, 2)), CAST(0.00 AS Numeric(5, 2)), 0);
INSERT INTO tdsrate (ayid, tsid, paycode, rate, surch, "limit") VALUES (26, 4, 99, CAST(20.00 AS Numeric(5, 2)), CAST(0.00 AS Numeric(5, 2)), 0);
INSERT INTO tdsrate (ayid, tsid, paycode, rate, surch, "limit") VALUES (26, 1, 99, CAST(20.00 AS Numeric(5, 2)), CAST(0.00 AS Numeric(5, 2)), 0);
INSERT INTO tdsrate (ayid, tsid, paycode, rate, surch, "limit") VALUES (26, 1, 70, CAST(0.10 AS Numeric(5, 2)), CAST(0.00 AS Numeric(5, 2)), 0);
INSERT INTO tdsrate (ayid, tsid, paycode, rate, surch, "limit") VALUES (26, 2, 70, CAST(0.10 AS Numeric(5, 2)), CAST(0.00 AS Numeric(5, 2)), 0);
INSERT INTO tdsrate (ayid, tsid, paycode, rate, surch, "limit") VALUES (26, 5, 70, CAST(0.10 AS Numeric(5, 2)), CAST(0.00 AS Numeric(5, 2)), 0);
INSERT INTO tdsrate (ayid, tsid, paycode, rate, surch, "limit") VALUES (26, 1, 71, CAST(10.00 AS Numeric(5, 2)), CAST(0.00 AS Numeric(5, 2)), 0);
INSERT INTO tdsrate (ayid, tsid, paycode, rate, surch, "limit") VALUES (26, 2, 71, CAST(10.00 AS Numeric(5, 2)), CAST(0.00 AS Numeric(5, 2)), 0);
INSERT INTO tdsrate (ayid, tsid, paycode, rate, surch, "limit") VALUES (26, 5, 71, CAST(10.00 AS Numeric(5, 2)), CAST(0.00 AS Numeric(5, 2)), 0);
INSERT INTO tdsrate (ayid, tsid, paycode, rate, surch, "limit") VALUES (26, 1, 72, CAST(1.00 AS Numeric(5, 2)), CAST(0.00 AS Numeric(5, 2)), 0);
INSERT INTO tdsrate (ayid, tsid, paycode, rate, surch, "limit") VALUES (26, 2, 72, CAST(1.00 AS Numeric(5, 2)), CAST(0.00 AS Numeric(5, 2)), 0);
INSERT INTO tdsrate (ayid, tsid, paycode, rate, surch, "limit") VALUES (26, 5, 72, CAST(1.00 AS Numeric(5, 2)), CAST(0.00 AS Numeric(5, 2)), 0);
INSERT INTO tdsrate (ayid, tsid, paycode, rate, surch, "limit") VALUES (26, 1, 75, CAST(10.00 AS Numeric(5, 2)), CAST(0.00 AS Numeric(5, 2)), 0);
INSERT INTO tdsrate (ayid, tsid, paycode, rate, surch, "limit") VALUES (26, 2, 75, CAST(10.00 AS Numeric(5, 2)), CAST(0.00 AS Numeric(5, 2)), 0);
INSERT INTO tdsrate (ayid, tsid, paycode, rate, surch, "limit") VALUES (26, 5, 75, CAST(10.00 AS Numeric(5, 2)), CAST(0.00 AS Numeric(5, 2)), 0);
INSERT INTO tdsrate (ayid, tsid, paycode, rate, surch, "limit") VALUES (26, 1, 84, CAST(2.00 AS Numeric(5, 2)), CAST(2.50 AS Numeric(5, 2)), 0);
INSERT INTO tdsrate (ayid, tsid, paycode, rate, surch, "limit") VALUES (26, 2, 84, CAST(2.00 AS Numeric(5, 2)), CAST(10.00 AS Numeric(5, 2)), 0);
INSERT INTO tdsrate (ayid, tsid, paycode, rate, surch, "limit") VALUES (26, 5, 84, CAST(2.00 AS Numeric(5, 2)), CAST(2.50 AS Numeric(5, 2)), 0);
INSERT INTO tdsrate (ayid, tsid, paycode, rate, surch, "limit") VALUES (26, 1, 85, CAST(10.00 AS Numeric(5, 2)), CAST(2.50 AS Numeric(5, 2)), 0);
INSERT INTO tdsrate (ayid, tsid, paycode, rate, surch, "limit") VALUES (26, 2, 85, CAST(10.00 AS Numeric(5, 2)), CAST(10.00 AS Numeric(5, 2)), 0);
INSERT INTO tdsrate (ayid, tsid, paycode, rate, surch, "limit") VALUES (26, 5, 85, CAST(10.00 AS Numeric(5, 2)), CAST(2.50 AS Numeric(5, 2)), 0);
INSERT INTO tdsrate (ayid, tsid, paycode, rate, surch, "limit") VALUES (26, 1, 79, CAST(2.00 AS Numeric(5, 2)), CAST(2.50 AS Numeric(5, 2)), 0);
INSERT INTO tdsrate (ayid, tsid, paycode, rate, surch, "limit") VALUES (26, 2, 79, CAST(2.00 AS Numeric(5, 2)), CAST(10.00 AS Numeric(5, 2)), 0);
INSERT INTO tdsrate (ayid, tsid, paycode, rate, surch, "limit") VALUES (26, 5, 79, CAST(2.00 AS Numeric(5, 2)), CAST(2.50 AS Numeric(5, 2)), 0);
INSERT INTO tdsrate (ayid, tsid, paycode, rate, surch, "limit") VALUES (26, 1, 80, CAST(10.00 AS Numeric(5, 2)), CAST(2.50 AS Numeric(5, 2)), 0);
INSERT INTO tdsrate (ayid, tsid, paycode, rate, surch, "limit") VALUES (26, 2, 80, CAST(10.00 AS Numeric(5, 2)), CAST(10.00 AS Numeric(5, 2)), 0);
INSERT INTO tdsrate (ayid, tsid, paycode, rate, surch, "limit") VALUES (26, 5, 80, CAST(10.00 AS Numeric(5, 2)), CAST(10.00 AS Numeric(5, 2)), 0);

COMMIT;
-- reset identity sequences so future inserts don't collide with seeded ids
SELECT setval(pg_get_serial_sequence('district','id'),          COALESCE((SELECT MAX(id) FROM district),1));
SELECT setval(pg_get_serial_sequence('country','id'),           COALESCE((SELECT MAX(id) FROM country),1));
SELECT setval(pg_get_serial_sequence('state','id'),             COALESCE((SELECT MAX(id) FROM state),1));
SELECT setval(pg_get_serial_sequence('aymaster','id'),          COALESCE((SELECT MAX(id) FROM aymaster),1));
SELECT setval(pg_get_serial_sequence('tdsded80','ded80id'),     COALESCE((SELECT MAX(ded80id) FROM tdsded80),1));
SELECT setval(pg_get_serial_sequence('check_period','id'),      COALESCE((SELECT MAX(id) FROM check_period),1));
SELECT setval(pg_get_serial_sequence('applicationparams','id'), COALESCE((SELECT MAX(id) FROM applicationparams),1));